{
  "__type__": "cc.Material",
  "_name": "",
  "_objFlags": 0,
  "_native": "",
  "_effectAsset": {
    "__uuid__": "1baf0fc9-befa-459c-8bdd-af1a450a0319"
  },
  "_techIdx": 0,
  "_defines": [
    {
      "USE_VERTEX_COLOR": true,
      "HAS_SECOND_UV": true,
      "USE_ALBEDO_MAP": true
    }
  ],
  "_states": [
    {
      "blendState": {
        "targets": [
          {}
        ]
      },
      "depthStencilState": {},
      "rasterizerState": {}
    }
  ],
  "_props": [
    {
      "alphaThreshold": 0,
      "roughness": 0.70710676908493,
      "metallic": 0.400000005960464,
      "mainTexture": {
        "__uuid__": "3640a907-7467-4f89-aa95-5905d492180d@6c48a"
      }
    }
  ]
}