{
  "__type__": "cc.Mesh",
  "_name": "",
  "_objFlags": 0,
  "_native": ".bin",
  "_struct": {
    "primitives": [
      {
        "primitiveMode": 7,
        "vertexBundelIndices": [
          0
        ],
        "indexView": {
          "offset": 11648,
          "length": 1200,
          "count": 600,
          "stride": 2
        }
      }
    ],
    "vertexBundles": [
      {
        "view": {
          "offset": 0,
          "length": 11648,
          "count": 208,
          "stride": 56
        },
        "attributes": [
          {
            "name": "a_position",
            "format": 32,
            "isNormalized": false
          },
          {
            "name": "a_normal",
            "format": 32,
            "isNormalized": false
          },
          {
            "name": "a_texCoord",
            "format": 21,
            "isNormalized": false
          },
          {
            "name": "a_tangent",
            "format": 43,
            "isNormalized": false
          },
          {
            "name": "a_texCoord1",
            "format": 21,
            "isNormalized": false
          }
        ]
      }
    ],
    "minPosition": {
      "__type__": "cc.Vec3",
      "x": -0.00010758984717540443,
      "y": -0.0002693661372177303,
      "z": -0.000269365671556443
    },
    "maxPosition": {
      "__type__": "cc.Vec3",
      "x": 0.0001075890613719821,
      "y": 0.0002693660499062389,
      "z": 0.00026936590438708663
    },
    "morph": {
      "subMeshMorphs": [
        null
      ]
    }
  },
  "_dataLength": 12848,
  "_hash": 3469964202
}