[
  {
    "__type__": "cc.Prefab",
    "_name": "",
    "_objFlags": 0,
    "_native": "",
    "data": {
      "__id__": 1
    },
    "optimizationPolicy": 0,
    "asyncLoadAssets": false
  },
  {
    "__type__": "cc.Node",
    "_name": "BreakLine",
    "_objFlags": 0,
    "_parent": null,
    "_children": [
      {
        "__id__": 2
      },
      {
        "__id__": 26
      }
    ],
    "_active": true,
    "_components": [],
    "_prefab": {
      "__id__": 50
    },
    "_lpos": {
      "__type__": "cc.Vec3",
      "x": 0,
      "y": 0,
      "z": 1.539
    },
    "_lrot": {
      "__type__": "cc.Quat",
      "x": 0,
      "y": 0,
      "z": 0,
      "w": 1
    },
    "_lscale": {
      "__type__": "cc.Vec3",
      "x": 1,
      "y": 1,
      "z": 1
    },
    "_layer": 1073741824,
    "_euler": {
      "__type__": "cc.Vec3",
      "x": 0,
      "y": 0,
      "z": 0
    },
    "_id": ""
  },
  {
    "__type__": "cc.Node",
    "_name": "left",
    "_objFlags": 0,
    "_parent": {
      "__id__": 1
    },
    "_children": [],
    "_active": true,
    "_components": [
      {
        "__id__": 3
      }
    ],
    "_prefab": {
      "__id__": 25
    },
    "_lpos": {
      "__type__": "cc.Vec3",
      "x": -0.175,
      "y": 0,
      "z": 0.163
    },
    "_lrot": {
      "__type__": "cc.Quat",
      "x": 0,
      "y": 0,
      "z": 0,
      "w": 1
    },
    "_lscale": {
      "__type__": "cc.Vec3",
      "x": 1,
      "y": 1,
      "z": 1
    },
    "_layer": 1073741824,
    "_euler": {
      "__type__": "cc.Vec3",
      "x": 0,
      "y": 0,
      "z": 0
    },
    "_id": ""
  },
  {
    "__type__": "cc.ParticleSystemComponent",
    "_name": "",
    "_objFlags": 0,
    "node": {
      "__id__": 2
    },
    "_enabled": true,
    "_materials": [
      null,
      {
        "__uuid__": "d609275e-712f-4e94-8cb9-7d890458bde5"
      }
    ],
    "_visFlags": 0,
    "startColor": {
      "__id__": 4
    },
    "scaleSpace": 1,
    "startSize3D": false,
    "startSizeX": {
      "__id__": 5
    },
    "startSize": {
      "__id__": 5
    },
    "startSizeY": {
      "__id__": 6
    },
    "startSizeZ": {
      "__id__": 7
    },
    "startSpeed": {
      "__id__": 8
    },
    "startRotation3D": false,
    "startRotationX": {
      "__id__": 9
    },
    "startRotationY": {
      "__id__": 10
    },
    "startRotationZ": {
      "__id__": 11
    },
    "startRotation": {
      "__id__": 11
    },
    "startDelay": {
      "__id__": 12
    },
    "startLifetime": {
      "__id__": 13
    },
    "duration": 2,
    "loop": true,
    "simulationSpeed": 1,
    "playOnAwake": true,
    "gravityModifier": {
      "__id__": 14
    },
    "rateOverTime": {
      "__id__": 15
    },
    "rateOverDistance": {
      "__id__": 16
    },
    "bursts": [
      {
        "__id__": 17
      }
    ],
    "trailModule": {
      "__id__": 19
    },
    "renderer": {
      "__id__": 24
    },
    "enableCulling": true,
    "_prewarm": false,
    "_capacity": 100,
    "_simulationSpace": 1,
    "_id": ""
  },
  {
    "__type__": "cc.GradientRange",
    "_mode": 0,
    "color": {
      "__type__": "cc.Color",
      "r": 255,
      "g": 255,
      "b": 255,
      "a": 255
    }
  },
  {
    "__type__": "cc.CurveRange",
    "mode": 0,
    "constant": 0,
    "multiplier": 1
  },
  {
    "__type__": "cc.CurveRange",
    "mode": 0,
    "constant": 0,
    "multiplier": 1
  },
  {
    "__type__": "cc.CurveRange",
    "mode": 0,
    "constant": 0,
    "multiplier": 1
  },
  {
    "__type__": "cc.CurveRange",
    "mode": 0,
    "constant": 0,
    "multiplier": 1
  },
  {
    "__type__": "cc.CurveRange",
    "mode": 0,
    "constant": 0,
    "multiplier": 1
  },
  {
    "__type__": "cc.CurveRange",
    "mode": 0,
    "constant": 0,
    "multiplier": 1
  },
  {
    "__type__": "cc.CurveRange",
    "mode": 0,
    "constant": 0,
    "multiplier": 1
  },
  {
    "__type__": "cc.CurveRange",
    "mode": 0,
    "constant": 0,
    "multiplier": 1
  },
  {
    "__type__": "cc.CurveRange",
    "mode": 0,
    "constant": 2,
    "multiplier": 1
  },
  {
    "__type__": "cc.CurveRange",
    "mode": 0,
    "constant": 0,
    "multiplier": 1
  },
  {
    "__type__": "cc.CurveRange",
    "mode": 0,
    "constant": 0,
    "multiplier": 1
  },
  {
    "__type__": "cc.CurveRange",
    "mode": 0,
    "constant": 0,
    "multiplier": 1
  },
  {
    "__type__": "cc.Burst",
    "_time": 0,
    "_repeatCount": 1,
    "repeatInterval": 1,
    "count": {
      "__id__": 18
    }
  },
  {
    "__type__": "cc.CurveRange",
    "mode": 0,
    "constant": 1,
    "multiplier": 1
  },
  {
    "__type__": "cc.TrailModule",
    "_enable": true,
    "mode": 0,
    "lifeTime": {
      "__id__": 20
    },
    "_minParticleDistance": 0.1,
    "existWithParticles": true,
    "textureMode": 0,
    "widthFromParticle": false,
    "widthRatio": {
      "__id__": 21
    },
    "colorFromParticle": false,
    "colorOverTrail": {
      "__id__": 22
    },
    "colorOvertime": {
      "__id__": 23
    },
    "_space": 0,
    "_particleSystem": {
      "__id__": 3
    }
  },
  {
    "__type__": "cc.CurveRange",
    "mode": 0,
    "constant": 2,
    "multiplier": 1
  },
  {
    "__type__": "cc.CurveRange",
    "mode": 0,
    "constant": 0.3,
    "multiplier": 1
  },
  {
    "__type__": "cc.GradientRange",
    "_mode": 0,
    "color": {
      "__type__": "cc.Color",
      "r": 255,
      "g": 255,
      "b": 255,
      "a": 255
    }
  },
  {
    "__type__": "cc.GradientRange",
    "_mode": 0,
    "color": {
      "__type__": "cc.Color",
      "r": 255,
      "g": 255,
      "b": 255,
      "a": 255
    }
  },
  {
    "__type__": "cc.ParticleSystemRenderer",
    "_renderMode": 2,
    "_velocityScale": 1,
    "_lengthScale": 1,
    "_mesh": null,
    "_useGPU": false
  },
  {
    "__type__": "cc.PrefabInfo",
    "root": {
      "__id__": 1
    },
    "asset": {
      "__id__": 0
    },
    "fileId": "83FB4X3eVMBp42y4joKwKE",
    "sync": false,
    "_synced": {
      "default": false,
      "serializable": false
    }
  },
  {
    "__type__": "cc.Node",
    "_name": "right",
    "_objFlags": 0,
    "_parent": {
      "__id__": 1
    },
    "_children": [],
    "_active": true,
    "_components": [
      {
        "__id__": 27
      }
    ],
    "_prefab": {
      "__id__": 49
    },
    "_lpos": {
      "__type__": "cc.Vec3",
      "x": 0.175,
      "y": 0,
      "z": 0.163
    },
    "_lrot": {
      "__type__": "cc.Quat",
      "x": 0,
      "y": 0,
      "z": 0,
      "w": 1
    },
    "_lscale": {
      "__type__": "cc.Vec3",
      "x": 1,
      "y": 1,
      "z": 1
    },
    "_layer": 1073741824,
    "_euler": {
      "__type__": "cc.Vec3",
      "x": 0,
      "y": 0,
      "z": 0
    },
    "_id": ""
  },
  {
    "__type__": "cc.ParticleSystemComponent",
    "_name": "",
    "_objFlags": 0,
    "node": {
      "__id__": 26
    },
    "_enabled": true,
    "_materials": [
      null,
      {
        "__uuid__": "d609275e-712f-4e94-8cb9-7d890458bde5"
      }
    ],
    "_visFlags": 0,
    "startColor": {
      "__id__": 28
    },
    "scaleSpace": 1,
    "startSize3D": false,
    "startSizeX": {
      "__id__": 29
    },
    "startSize": {
      "__id__": 29
    },
    "startSizeY": {
      "__id__": 30
    },
    "startSizeZ": {
      "__id__": 31
    },
    "startSpeed": {
      "__id__": 32
    },
    "startRotation3D": false,
    "startRotationX": {
      "__id__": 33
    },
    "startRotationY": {
      "__id__": 34
    },
    "startRotationZ": {
      "__id__": 35
    },
    "startRotation": {
      "__id__": 35
    },
    "startDelay": {
      "__id__": 36
    },
    "startLifetime": {
      "__id__": 37
    },
    "duration": 2,
    "loop": true,
    "simulationSpeed": 1,
    "playOnAwake": true,
    "gravityModifier": {
      "__id__": 38
    },
    "rateOverTime": {
      "__id__": 39
    },
    "rateOverDistance": {
      "__id__": 40
    },
    "bursts": [
      {
        "__id__": 41
      }
    ],
    "trailModule": {
      "__id__": 43
    },
    "renderer": {
      "__id__": 48
    },
    "enableCulling": true,
    "_prewarm": false,
    "_capacity": 100,
    "_simulationSpace": 1,
    "_id": ""
  },
  {
    "__type__": "cc.GradientRange",
    "_mode": 0,
    "color": {
      "__type__": "cc.Color",
      "r": 255,
      "g": 255,
      "b": 255,
      "a": 255
    }
  },
  {
    "__type__": "cc.CurveRange",
    "mode": 0,
    "constant": 0,
    "multiplier": 1
  },
  {
    "__type__": "cc.CurveRange",
    "mode": 0,
    "constant": 0,
    "multiplier": 1
  },
  {
    "__type__": "cc.CurveRange",
    "mode": 0,
    "constant": 0,
    "multiplier": 1
  },
  {
    "__type__": "cc.CurveRange",
    "mode": 0,
    "constant": 0,
    "multiplier": 1
  },
  {
    "__type__": "cc.CurveRange",
    "mode": 0,
    "constant": 0,
    "multiplier": 1
  },
  {
    "__type__": "cc.CurveRange",
    "mode": 0,
    "constant": 0,
    "multiplier": 1
  },
  {
    "__type__": "cc.CurveRange",
    "mode": 0,
    "constant": 0,
    "multiplier": 1
  },
  {
    "__type__": "cc.CurveRange",
    "mode": 0,
    "constant": 0,
    "multiplier": 1
  },
  {
    "__type__": "cc.CurveRange",
    "mode": 0,
    "constant": 2,
    "multiplier": 1
  },
  {
    "__type__": "cc.CurveRange",
    "mode": 0,
    "constant": 0,
    "multiplier": 1
  },
  {
    "__type__": "cc.CurveRange",
    "mode": 0,
    "constant": 0,
    "multiplier": 1
  },
  {
    "__type__": "cc.CurveRange",
    "mode": 0,
    "constant": 0,
    "multiplier": 1
  },
  {
    "__type__": "cc.Burst",
    "_time": 0,
    "_repeatCount": 1,
    "repeatInterval": 1,
    "count": {
      "__id__": 42
    }
  },
  {
    "__type__": "cc.CurveRange",
    "mode": 0,
    "constant": 1,
    "multiplier": 1
  },
  {
    "__type__": "cc.TrailModule",
    "_enable": true,
    "mode": 0,
    "lifeTime": {
      "__id__": 44
    },
    "_minParticleDistance": 0.1,
    "existWithParticles": true,
    "textureMode": 0,
    "widthFromParticle": false,
    "widthRatio": {
      "__id__": 45
    },
    "colorFromParticle": false,
    "colorOverTrail": {
      "__id__": 46
    },
    "colorOvertime": {
      "__id__": 47
    },
    "_space": 0,
    "_particleSystem": {
      "__id__": 27
    }
  },
  {
    "__type__": "cc.CurveRange",
    "mode": 0,
    "constant": 2,
    "multiplier": 1
  },
  {
    "__type__": "cc.CurveRange",
    "mode": 0,
    "constant": 0.3,
    "multiplier": 1
  },
  {
    "__type__": "cc.GradientRange",
    "_mode": 0,
    "color": {
      "__type__": "cc.Color",
      "r": 255,
      "g": 255,
      "b": 255,
      "a": 255
    }
  },
  {
    "__type__": "cc.GradientRange",
    "_mode": 0,
    "color": {
      "__type__": "cc.Color",
      "r": 255,
      "g": 255,
      "b": 255,
      "a": 255
    }
  },
  {
    "__type__": "cc.ParticleSystemRenderer",
    "_renderMode": 2,
    "_velocityScale": 1,
    "_lengthScale": 1,
    "_mesh": null,
    "_useGPU": false
  },
  {
    "__type__": "cc.PrefabInfo",
    "root": {
      "__id__": 1
    },
    "asset": {
      "__id__": 0
    },
    "fileId": "fdfaCyjC1DcaPcv4JTrfEY",
    "sync": false,
    "_synced": {
      "default": false,
      "serializable": false
    }
  },
  {
    "__type__": "cc.PrefabInfo",
    "root": {
      "__id__": 1
    },
    "asset": {
      "__id__": 0
    },
    "fileId": "3779aOfDZMjqiQKG+vK+kA",
    "sync": false,
    "_synced": {
      "default": false,
      "serializable": false
    }
  }
]