[
  {
    "__type__": "cc.AnimationClip",
    "_name": "Take 001",
    "_objFlags": 0,
    "_native": ".bin",
    "sample": 30,
    "speed": 1,
    "wrapMode": 2,
    "events": [],
    "_duration": 0,
    "_keys": [
      {
        "__id__": 1
      }
    ],
    "_stepness": 0,
    "_curves": [
      {
        "modifiers": [
          {
            "__id__": 2
          },
          "rotation"
        ],
        "data": {
          "keys": 0,
          "values": {
            "__id__": 3
          }
        }
      },
      {
        "modifiers": [
          {
            "__id__": 2
          },
          "position"
        ],
        "data": {
          "keys": -1,
          "values": {
            "__id__": 4
          },
          "interpolate": false
        }
      },
      {
        "modifiers": [
          {
            "__id__": 2
          },
          "scale"
        ],
        "data": {
          "keys": -1,
          "values": {
            "__id__": 5
          },
          "interpolate": false
        }
      },
      {
        "modifiers": [
          {
            "__id__": 6
          },
          "rotation"
        ],
        "data": {
          "keys": 0,
          "values": {
            "__id__": 7
          }
        }
      },
      {
        "modifiers": [
          {
            "__id__": 6
          },
          "position"
        ],
        "data": {
          "keys": -1,
          "values": {
            "__id__": 8
          },
          "interpolate": false
        }
      },
      {
        "modifiers": [
          {
            "__id__": 6
          },
          "scale"
        ],
        "data": {
          "keys": -1,
          "values": {
            "__id__": 9
          },
          "interpolate": false
        }
      },
      {
        "modifiers": [
          {
            "__id__": 10
          },
          "position"
        ],
        "data": {
          "keys": -1,
          "values": {
            "__id__": 11
          },
          "interpolate": false
        }
      },
      {
        "modifiers": [
          {
            "__id__": 10
          },
          "scale"
        ],
        "data": {
          "keys": -1,
          "values": {
            "__id__": 12
          },
          "interpolate": false
        }
      },
      {
        "modifiers": [
          {
            "__id__": 10
          },
          "rotation"
        ],
        "data": {
          "keys": -1,
          "values": {
            "__id__": 13
          },
          "interpolate": false
        }
      },
      {
        "modifiers": [
          {
            "__id__": 14
          },
          "position"
        ],
        "data": {
          "keys": -1,
          "values": {
            "__id__": 15
          },
          "interpolate": false
        }
      },
      {
        "modifiers": [
          {
            "__id__": 14
          },
          "scale"
        ],
        "data": {
          "keys": -1,
          "values": {
            "__id__": 16
          },
          "interpolate": false
        }
      },
      {
        "modifiers": [
          {
            "__id__": 14
          },
          "rotation"
        ],
        "data": {
          "keys": -1,
          "values": {
            "__id__": 17
          },
          "interpolate": false
        }
      },
      {
        "modifiers": [
          {
            "__id__": 18
          },
          "position"
        ],
        "data": {
          "keys": -1,
          "values": {
            "__id__": 19
          },
          "interpolate": false
        }
      },
      {
        "modifiers": [
          {
            "__id__": 18
          },
          "scale"
        ],
        "data": {
          "keys": -1,
          "values": {
            "__id__": 20
          },
          "interpolate": false
        }
      },
      {
        "modifiers": [
          {
            "__id__": 18
          },
          "rotation"
        ],
        "data": {
          "keys": -1,
          "values": {
            "__id__": 21
          },
          "interpolate": false
        }
      },
      {
        "modifiers": [
          {
            "__id__": 22
          },
          "position"
        ],
        "data": {
          "keys": -1,
          "values": {
            "__id__": 23
          },
          "interpolate": false
        }
      },
      {
        "modifiers": [
          {
            "__id__": 22
          },
          "scale"
        ],
        "data": {
          "keys": -1,
          "values": {
            "__id__": 24
          },
          "interpolate": false
        }
      },
      {
        "modifiers": [
          {
            "__id__": 22
          },
          "rotation"
        ],
        "data": {
          "keys": -1,
          "values": {
            "__id__": 25
          },
          "interpolate": false
        }
      },
      {
        "modifiers": [
          {
            "__id__": 26
          },
          "position"
        ],
        "data": {
          "keys": -1,
          "values": {
            "__id__": 27
          },
          "interpolate": false
        }
      },
      {
        "modifiers": [
          {
            "__id__": 26
          },
          "scale"
        ],
        "data": {
          "keys": -1,
          "values": {
            "__id__": 28
          },
          "interpolate": false
        }
      },
      {
        "modifiers": [
          {
            "__id__": 26
          },
          "rotation"
        ],
        "data": {
          "keys": -1,
          "values": {
            "__id__": 29
          },
          "interpolate": false
        }
      }
    ],
    "_commonTargets": [],
    "_hash": 1193267348
  },
  {
    "__type__": "cc.CompactValueTypeArray",
    "_byteOffset": 280,
    "_unitCount": 1,
    "_unitElement": 6,
    "_length": 1
  },
  {
    "__type__": "cc.animation.HierarchyPath",
    "path": "RootNode/tyre1"
  },
  {
    "__type__": "cc.CompactValueTypeArray",
    "_byteOffset": 0,
    "_unitCount": 4,
    "_unitElement": 38,
    "_length": 1
  },
  {
    "__type__": "cc.CompactValueTypeArray",
    "_byteOffset": 16,
    "_unitCount": 3,
    "_unitElement": 22,
    "_length": 1
  },
  {
    "__type__": "cc.CompactValueTypeArray",
    "_byteOffset": 28,
    "_unitCount": 3,
    "_unitElement": 22,
    "_length": 1
  },
  {
    "__type__": "cc.animation.HierarchyPath",
    "path": "RootNode/tyre3"
  },
  {
    "__type__": "cc.CompactValueTypeArray",
    "_byteOffset": 40,
    "_unitCount": 4,
    "_unitElement": 38,
    "_length": 1
  },
  {
    "__type__": "cc.CompactValueTypeArray",
    "_byteOffset": 56,
    "_unitCount": 3,
    "_unitElement": 22,
    "_length": 1
  },
  {
    "__type__": "cc.CompactValueTypeArray",
    "_byteOffset": 68,
    "_unitCount": 3,
    "_unitElement": 22,
    "_length": 1
  },
  {
    "__type__": "cc.animation.HierarchyPath",
    "path": "RootNode"
  },
  {
    "__type__": "cc.CompactValueTypeArray",
    "_byteOffset": 80,
    "_unitCount": 3,
    "_unitElement": 22,
    "_length": 1
  },
  {
    "__type__": "cc.CompactValueTypeArray",
    "_byteOffset": 92,
    "_unitCount": 3,
    "_unitElement": 22,
    "_length": 1
  },
  {
    "__type__": "cc.CompactValueTypeArray",
    "_byteOffset": 104,
    "_unitCount": 4,
    "_unitElement": 38,
    "_length": 1
  },
  {
    "__type__": "cc.animation.HierarchyPath",
    "path": "RootNode/taxi06"
  },
  {
    "__type__": "cc.CompactValueTypeArray",
    "_byteOffset": 120,
    "_unitCount": 3,
    "_unitElement": 22,
    "_length": 1
  },
  {
    "__type__": "cc.CompactValueTypeArray",
    "_byteOffset": 132,
    "_unitCount": 3,
    "_unitElement": 22,
    "_length": 1
  },
  {
    "__type__": "cc.CompactValueTypeArray",
    "_byteOffset": 144,
    "_unitCount": 4,
    "_unitElement": 38,
    "_length": 1
  },
  {
    "__type__": "cc.animation.HierarchyPath",
    "path": "RootNode/tyre2"
  },
  {
    "__type__": "cc.CompactValueTypeArray",
    "_byteOffset": 160,
    "_unitCount": 3,
    "_unitElement": 22,
    "_length": 1
  },
  {
    "__type__": "cc.CompactValueTypeArray",
    "_byteOffset": 172,
    "_unitCount": 3,
    "_unitElement": 22,
    "_length": 1
  },
  {
    "__type__": "cc.CompactValueTypeArray",
    "_byteOffset": 184,
    "_unitCount": 4,
    "_unitElement": 38,
    "_length": 1
  },
  {
    "__type__": "cc.animation.HierarchyPath",
    "path": "RootNode/tyre4"
  },
  {
    "__type__": "cc.CompactValueTypeArray",
    "_byteOffset": 200,
    "_unitCount": 3,
    "_unitElement": 22,
    "_length": 1
  },
  {
    "__type__": "cc.CompactValueTypeArray",
    "_byteOffset": 212,
    "_unitCount": 3,
    "_unitElement": 22,
    "_length": 1
  },
  {
    "__type__": "cc.CompactValueTypeArray",
    "_byteOffset": 224,
    "_unitCount": 4,
    "_unitElement": 38,
    "_length": 1
  },
  {
    "__type__": "cc.animation.HierarchyPath",
    "path": "RootNode/light1"
  },
  {
    "__type__": "cc.CompactValueTypeArray",
    "_byteOffset": 240,
    "_unitCount": 3,
    "_unitElement": 22,
    "_length": 1
  },
  {
    "__type__": "cc.CompactValueTypeArray",
    "_byteOffset": 252,
    "_unitCount": 3,
    "_unitElement": 22,
    "_length": 1
  },
  {
    "__type__": "cc.CompactValueTypeArray",
    "_byteOffset": 264,
    "_unitCount": 4,
    "_unitElement": 38,
    "_length": 1
  }
]