{
  "__type__": "cc.Material",
  "_name": "Material #20",
  "_objFlags": 0,
  "_native": "",
  "_effectAsset": {
    "__uuid__": "1baf0fc9-befa-459c-8bdd-af1a450a0319"
  },
  "_techIdx": 0,
  "_defines": [
    {
      "USE_ALBEDO_MAP": true
    }
  ],
  "_states": [
    {
      "rasterizerState": {},
      "blendState": {
        "targets": [
          {
            "blend": true,
            "blendSrc": 2,
            "blendDst": 4,
            "blendDstAlpha": 4
          }
        ]
      },
      "depthStencilState": {
        "depthWrite": false
      }
    }
  ],
  "_props": [
    {
      "mainTexture": {
        "__uuid__": "2d4539f4-1985-4262-9d55-ee4a68d9db5d@7c0f3"
      },
      "albedoScale": {
        "__type__": "cc.Vec3",
        "x": 1,
        "y": 1,
        "z": 1
      },
      "metallic": 0.400000005960464,
      "roughness": 0.70710676908493
    }
  ]
}