[
  {
    "__type__": "cc.AnimationClip",
    "_name": "showguide",
    "_objFlags": 0,
    "_native": "",
    "sample": 60,
    "speed": 1,
    "wrapMode": 2,
    "events": [],
    "_duration": 1.75,
    "_keys": [
      [
        0,
        0.25,
        1.5,
        1.75
      ],
      [
        0,
        0.25,
        1.5,
        1.75
      ],
      [
        0.25,
        1.5
      ],
      [
        0.25,
        1,
        1.5
      ],
      [
        0,
        1
      ]
    ],
    "_stepness": 0,
    "_curves": [
      {
        "modifiers": [
          {
            "__id__": 1
          },
          "scale"
        ],
        "data": {
          "keys": 0,
          "values": [
            {
              "__type__": "cc.Vec3",
              "x": 1,
              "y": 1,
              "z": 1
            },
            {
              "__type__": "cc.Vec3",
              "x": 0.8,
              "y": 0.8,
              "z": 1
            },
            {
              "__type__": "cc.Vec3",
              "x": 0.8,
              "y": 0.8,
              "z": 1
            },
            {
              "__type__": "cc.Vec3",
              "x": 1,
              "y": 1,
              "z": 1
            }
          ],
          "easingMethods": {}
        }
      },
      {
        "modifiers": [
          {
            "__id__": 2
          },
          "position"
        ],
        "data": {
          "keys": 1,
          "values": [
            {
              "__type__": "cc.Vec3",
              "x": 0,
              "y": 0,
              "z": 0
            },
            {
              "__type__": "cc.Vec3",
              "x": 0,
              "y": 32,
              "z": 0
            },
            {
              "__type__": "cc.Vec3",
              "x": 0,
              "y": 32,
              "z": 0
            },
            {
              "__type__": "cc.Vec3",
              "x": 0,
              "y": 0,
              "z": 0
            }
          ],
          "easingMethods": {}
        }
      },
      {
        "modifiers": [
          {
            "__id__": 3
          },
          "scale"
        ],
        "data": {
          "keys": 2,
          "values": [
            {
              "__type__": "cc.Vec3",
              "x": 0,
              "y": 0,
              "z": 1
            },
            {
              "__type__": "cc.Vec3",
              "x": 2,
              "y": 2,
              "z": 1
            }
          ],
          "easingMethods": {}
        }
      },
      {
        "modifiers": [
          {
            "__id__": 4
          },
          {
            "__id__": 5
          },
          "color"
        ],
        "data": {
          "keys": 3,
          "values": [
            {
              "__type__": "cc.Color",
              "r": 255,
              "g": 255,
              "b": 255,
              "a": 255
            },
            {
              "__type__": "cc.Color",
              "r": 255,
              "g": 255,
              "b": 255,
              "a": 255
            },
            {
              "__type__": "cc.Color",
              "r": 255,
              "g": 255,
              "b": 255,
              "a": 0
            }
          ],
          "easingMethods": {}
        }
      },
      {
        "modifiers": [
          {
            "__id__": 6
          },
          {
            "__id__": 7
          },
          "spriteFrame"
        ],
        "data": {
          "keys": 4,
          "values": [
            {
              "__uuid__": "cde47397-6ef6-4268-8815-464a2ed5e337@f9941"
            },
            {
              "__uuid__": "bd17f5e4-8bbb-4b60-b567-44ebcb7e35a5@f9941"
            }
          ],
          "easingMethods": {}
        }
      }
    ],
    "_commonTargets": [],
    "_hash": 839355306
  },
  {
    "__type__": "cc.animation.HierarchyPath",
    "path": "hand"
  },
  {
    "__type__": "cc.animation.HierarchyPath",
    "path": "hand"
  },
  {
    "__type__": "cc.animation.HierarchyPath",
    "path": "circle"
  },
  {
    "__type__": "cc.animation.HierarchyPath",
    "path": "circle"
  },
  {
    "__type__": "cc.animation.ComponentPath",
    "component": "cc.SpriteComponent"
  },
  {
    "__type__": "cc.animation.HierarchyPath",
    "path": "content"
  },
  {
    "__type__": "cc.animation.ComponentPath",
    "component": "cc.SpriteComponent"
  }
]