{
  "D:\\Creator\\SpeedTaxi\\assets\\textures\\UI\\head\\head1.png.meta": 1592283388084.8828,
  "D:\\Creator\\SpeedTaxi\\assets\\textures\\UI\\head\\head2.png.meta": 1592283388074.9094,
  "D:\\Creator\\SpeedTaxi\\assets\\textures.meta": 1592283387962.1794,
  "D:\\Creator\\SpeedTaxi\\assets\\textures\\effect.meta": 1592283387967.166,
  "D:\\Creator\\SpeedTaxi\\assets\\textures\\effect\\light.png.meta": 1592283388008.0872,
  "D:\\Creator\\SpeedTaxi\\assets\\textures\\effect\\showGold.meta": 1592283387974.1785,
  "D:\\Creator\\SpeedTaxi\\assets\\textures\\effect\\showGold\\00001.png.meta": 1592283388056.956,
  "D:\\Creator\\SpeedTaxi\\assets\\textures\\effect\\showGold\\00002.png.meta": 1592283388001.106,
  "D:\\Creator\\SpeedTaxi\\assets\\textures\\effect\\showGold\\00003.png.meta": 1592283388099.843,
  "D:\\Creator\\SpeedTaxi\\assets\\textures\\effect\\showGold\\00004.png.meta": 1592283388120.7866,
  "D:\\Creator\\SpeedTaxi\\assets\\textures\\effect\\showGold\\00005.png.meta": 1592283388113.8047,
  "D:\\Creator\\SpeedTaxi\\assets\\textures\\effect\\showGold\\00006.png.meta": 1592283388137.74,
  "D:\\Creator\\SpeedTaxi\\assets\\textures\\effect\\showGold\\00007.png.meta": 1592283388154.6978,
  "D:\\Creator\\SpeedTaxi\\assets\\textures\\effect\\showGold\\00008.png.meta": 1592283388229.4956,
  "D:\\Creator\\SpeedTaxi\\assets\\textures\\effect\\showGold\\00009.png.meta": 1592283388206.5564,
  "D:\\Creator\\SpeedTaxi\\assets\\textures\\effect\\showGold\\00010.png.meta": 1592283388200.573,
  "D:\\Creator\\SpeedTaxi\\assets\\textures\\effect\\showGold\\00011.png.meta": 1592283388245.453,
  "D:\\Creator\\SpeedTaxi\\assets\\textures\\effect\\showGold\\00012.png.meta": 1592283388261.4656,
  "D:\\Creator\\SpeedTaxi\\assets\\textures\\effect\\showGold\\commonIconCoin.png.meta": 1592283388291.33,
  "D:\\Creator\\SpeedTaxi\\assets\\textures\\UI.meta": 1592283388215.5337,
  "D:\\Creator\\SpeedTaxi\\assets\\textures\\UI\\common.meta": 1592283388224.5476,
  "D:\\Creator\\SpeedTaxi\\assets\\textures\\UI\\common\\commonBtnBlue.png.meta": 1592450837774.7751,
  "D:\\Creator\\SpeedTaxi\\assets\\textures\\UI\\common\\commonBtnGray.png.meta": 1592450837953.9966,
  "D:\\Creator\\SpeedTaxi\\assets\\textures\\UI\\common\\commonBtnRed.png.meta": 1592450838145.8079,
  "D:\\Creator\\SpeedTaxi\\assets\\textures\\UI\\common\\commonBtnYellow.png.meta": 1592450838247.7341,
  "D:\\Creator\\SpeedTaxi\\assets\\textures\\UI\\common\\commonIconClose.png.meta": 1592450838408.6206,
  "D:\\Creator\\SpeedTaxi\\assets\\textures\\UI\\common\\commonIconClose02.png.meta": 1592450838472.9133,
  "D:\\Creator\\SpeedTaxi\\assets\\textures\\UI\\common\\commonIconGold.png.meta": 1592450838552.015,
  "D:\\Creator\\SpeedTaxi\\assets\\textures\\UI\\common\\commonRectangle1.png.meta": 1592450838808.1614,
  "D:\\Creator\\SpeedTaxi\\assets\\textures\\UI\\common\\commonRectangle2.png.meta": 1592450838921.7505,
  "D:\\Creator\\SpeedTaxi\\assets\\textures\\UI\\common\\commonRectangle8.png.meta": 1592450839101.163,
  "D:\\Creator\\SpeedTaxi\\assets\\textures\\UI\\common\\commonTitle01.png.meta": 1592450839161.9392,
  "D:\\Creator\\SpeedTaxi\\assets\\textures\\UI\\common\\commonTitle02.png.meta": 1592450839249.2832,
  "D:\\Creator\\SpeedTaxi\\assets\\textures\\UI\\common\\rankxImg03.png.meta": 1592450839331.0183,
  "D:\\Creator\\SpeedTaxi\\assets\\textures\\UI\\daily.meta": 1592283388470.197,
  "D:\\Creator\\SpeedTaxi\\assets\\textures\\UI\\daily\\dailyBtn01.png.meta": 1592283388605.8342,
  "D:\\Creator\\SpeedTaxi\\assets\\textures\\UI\\daily\\dailyImg01.png.meta": 1592283388568.9336,
  "D:\\Creator\\SpeedTaxi\\assets\\textures\\UI\\daily\\dailyImg02.png.meta": 1592283388561.9536,
  "D:\\Creator\\SpeedTaxi\\assets\\textures\\UI\\daily\\dailyImg03.png.meta": 1592283388598.8535,
  "D:\\Creator\\SpeedTaxi\\assets\\textures\\UI\\daily\\dailyImgGet.png.meta": 1592283388620.7957,
  "D:\\Creator\\SpeedTaxi\\assets\\textures\\UI\\daily\\dailyImgLight.png.meta": 1592283388669.6643,
  "D:\\Creator\\SpeedTaxi\\assets\\textures\\UI\\fight.meta": 1592283388576.9126,
  "D:\\Creator\\SpeedTaxi\\assets\\textures\\UI\\fight\\fightBox1a.png.meta": 1592446740056.3682,
  "D:\\Creator\\SpeedTaxi\\assets\\textures\\UI\\fight\\fightBox2a.png.meta": 1592446740195.3574,
  "D:\\Creator\\SpeedTaxi\\assets\\textures\\UI\\fight\\fightBox2b.png.meta": 1592446740401.0742,
  "D:\\Creator\\SpeedTaxi\\assets\\textures\\UI\\fight\\fightBox2c.png.meta": 1592446740553.4956,
  "D:\\Creator\\SpeedTaxi\\assets\\textures\\UI\\fight\\fightBox3a.png.meta": 1592446740678.5618,
  "D:\\Creator\\SpeedTaxi\\assets\\textures\\UI\\fight\\fightBox3b.png.meta": 1592446740781.9602,
  "D:\\Creator\\SpeedTaxi\\assets\\textures\\UI\\fight\\fightBoxGold.png.meta": 1592446740852.513,
  "D:\\Creator\\SpeedTaxi\\assets\\textures\\UI\\fight\\fightBoxGold02.png.meta": 1592450478220.1868,
  "D:\\Creator\\SpeedTaxi\\assets\\textures\\UI\\fight\\fightBoxHead.png.meta": 1592446741270.0708,
  "D:\\Creator\\SpeedTaxi\\assets\\textures\\UI\\fight\\fightBoxTalk.png.meta": 1592447758527.907,
  "D:\\Creator\\SpeedTaxi\\assets\\textures\\UI\\fight\\fightImgCircle.png.meta": 1592446741532.9143,
  "D:\\Creator\\SpeedTaxi\\assets\\textures\\UI\\fight\\fightImgFont01.png.meta": 1592446741720.0718,
  "D:\\Creator\\SpeedTaxi\\assets\\textures\\UI\\fight\\fightImgFont02.png.meta": 1592446741807.573,
  "D:\\Creator\\SpeedTaxi\\assets\\textures\\UI\\fight\\fightImgGift.png.meta": 1592446742028.7007,
  "D:\\Creator\\SpeedTaxi\\assets\\textures\\UI\\fight\\fightImgGold.png.meta": 1592446742142.3726,
  "D:\\Creator\\SpeedTaxi\\assets\\textures\\UI\\fight\\fightImgHand.png.meta": 1592446742306.9204,
  "D:\\Creator\\SpeedTaxi\\assets\\textures\\UI\\fight\\fightImgLight.png.meta": 1592446742398.6213,
  "D:\\Creator\\SpeedTaxi\\assets\\textures\\UI\\fight\\fightImgLineRed.png.meta": 1592446742474.502,
  "D:\\Creator\\SpeedTaxi\\assets\\textures\\UI\\fight\\fightImgLineYellow.png.meta": 1592446742677.6414,
  "D:\\Creator\\SpeedTaxi\\assets\\textures\\UI\\fight\\fightImgStar.png.meta": 1592446742931.983,
  "D:\\Creator\\SpeedTaxi\\assets\\textures\\UI\\fight\\fightLineGray.png.meta": 1592446743057.3613,
  "D:\\Creator\\SpeedTaxi\\assets\\textures\\UI\\fight\\fightLineRed.png.meta": 1592446743144.9697,
  "D:\\Creator\\SpeedTaxi\\assets\\textures\\UI\\fight\\fightShieldImg01.png.meta": 1592446743230.605,
  "D:\\Creator\\SpeedTaxi\\assets\\textures\\UI\\fight\\fightShieldImg02.png.meta": 1592446743477.4397,
  "D:\\Creator\\SpeedTaxi\\assets\\textures\\UI\\head.meta": 1592283388992.8005,
  "D:\\Creator\\SpeedTaxi\\assets\\textures\\UI\\home.meta": 1592283388998.8208,
  "D:\\Creator\\SpeedTaxi\\assets\\textures\\UI\\home\\homeBarGold01.png.meta": 1592445493216.1333,
  "D:\\Creator\\SpeedTaxi\\assets\\textures\\UI\\home\\homeBarGold02.png.meta": 1592445493392.9768,
  "D:\\Creator\\SpeedTaxi\\assets\\textures\\UI\\home\\homeBoxAD.png.meta": 1592445493529.4395,
  "D:\\Creator\\SpeedTaxi\\assets\\textures\\UI\\home\\homeBoxArrow.png.meta": 1592445493666.3655,
  "D:\\Creator\\SpeedTaxi\\assets\\textures\\UI\\home\\homeBoxGame.jpg.meta": 1592445493843.6318,
  "D:\\Creator\\SpeedTaxi\\assets\\textures\\UI\\home\\homeBoxGame02.png.meta": 1592445493987.869,
  "D:\\Creator\\SpeedTaxi\\assets\\textures\\UI\\home\\homeBoxGame03.png.meta": 1592445494097.6877,
  "D:\\Creator\\SpeedTaxi\\assets\\textures\\UI\\home\\homeBoxGold.png.meta": 1592445494168.5486,
  "D:\\Creator\\SpeedTaxi\\assets\\textures\\UI\\home\\homeBoxOnline01.png.meta": 1592445494458.4104,
  "D:\\Creator\\SpeedTaxi\\assets\\textures\\UI\\home\\homeBoxOnline02.png.meta": 1592445494603.005,
  "D:\\Creator\\SpeedTaxi\\assets\\textures\\UI\\home\\homeIconArrow.png.meta": 1592445494672.1123,
  "D:\\Creator\\SpeedTaxi\\assets\\textures\\UI\\home\\homeIconCar.png.meta": 1592445494748.834,
  "D:\\Creator\\SpeedTaxi\\assets\\textures\\UI\\home\\homeIconDaily.png.meta": 1592445494930.947,
  "D:\\Creator\\SpeedTaxi\\assets\\textures\\UI\\home\\homeIconGame.png.meta": 1592445495178.0066,
  "D:\\Creator\\SpeedTaxi\\assets\\textures\\UI\\home\\homeIconGold.png.meta": 1592445495312.9932,
  "D:\\Creator\\SpeedTaxi\\assets\\textures\\UI\\home\\homeIconLottery.png.meta": 1592445495443.0405,
  "D:\\Creator\\SpeedTaxi\\assets\\textures\\UI\\home\\homeIconRank.png.meta": 1592445495543.4236,
  "D:\\Creator\\SpeedTaxi\\assets\\textures\\UI\\home\\homeIconService.png.meta": 1592445495747.735,
  "D:\\Creator\\SpeedTaxi\\assets\\textures\\UI\\home\\homeIconSet.png.meta": 1592445495965.5579,
  "D:\\Creator\\SpeedTaxi\\assets\\textures\\UI\\home\\homeImgGame.png.meta": 1592445496120.0508,
  "D:\\Creator\\SpeedTaxi\\assets\\textures\\UI\\home\\homeImgPoint.png.meta": 1592445496187.9656,
  "D:\\Creator\\SpeedTaxi\\assets\\textures\\UI\\home\\homeLogo.png.meta": 1592445496261.4402,
  "D:\\Creator\\SpeedTaxi\\assets\\textures\\UI\\loading.meta": 1592283389364.8354,
  "D:\\Creator\\SpeedTaxi\\assets\\textures\\UI\\loading\\loadingBg.jpg.meta": 1592618851186.5105,
  "D:\\Creator\\SpeedTaxi\\assets\\textures\\UI\\loading\\loadingBg01.jpg.meta": 1592618851452.2417,
  "D:\\Creator\\SpeedTaxi\\assets\\textures\\UI\\loading\\loadingCar.meta": 1592283389436.6133,
  "D:\\Creator\\SpeedTaxi\\assets\\textures\\UI\\loading\\loadingCar\\loadingCar01.png.meta": 1592618850536.3157,
  "D:\\Creator\\SpeedTaxi\\assets\\textures\\UI\\loading\\loadingCar\\loadingCar02.png.meta": 1592618850661.3416,
  "D:\\Creator\\SpeedTaxi\\assets\\textures\\UI\\loading\\loadingCar\\loadingCar03.png.meta": 1592618850782.2449,
  "D:\\Creator\\SpeedTaxi\\assets\\textures\\UI\\loading\\loadingCar\\loadingCar04.png.meta": 1592618850965.547,
  "D:\\Creator\\SpeedTaxi\\assets\\textures\\UI\\loading\\singleColor.png.meta": 1592618851563.8245,
  "D:\\Creator\\SpeedTaxi\\assets\\textures\\UI\\loading\\singleColorBlack.png.meta": 1592618851684.532,
  "D:\\Creator\\SpeedTaxi\\assets\\textures\\UI\\rank.meta": 1592283389551.3142,
  "D:\\Creator\\SpeedTaxi\\assets\\textures\\UI\\rank\\rankBox01.png.meta": 1592283389628.1077,
  "D:\\Creator\\SpeedTaxi\\assets\\textures\\UI\\rank\\rankBox02.png.meta": 1592283389635.09,
  "D:\\Creator\\SpeedTaxi\\assets\\textures\\UI\\rank\\rankBoxNumber.png.meta": 1592283389700.9128,
  "D:\\Creator\\SpeedTaxi\\assets\\textures\\UI\\rank\\rankIconArrow.png.meta": 1592283389744.7954,
  "D:\\Creator\\SpeedTaxi\\assets\\textures\\UI\\rank\\rankImgLine.png.meta": 1592283389759.7585,
  "D:\\Creator\\SpeedTaxi\\assets\\textures\\UI\\set.meta": 1592283389661.0198,
  "D:\\Creator\\SpeedTaxi\\assets\\textures\\UI\\set\\setImg01.png.meta": 1592283389772.7227,
  "D:\\Creator\\SpeedTaxi\\assets\\textures\\UI\\set\\setImg02.png.meta": 1592283389752.774,
  "D:\\Creator\\SpeedTaxi\\assets\\textures\\UI\\set\\setImg03.png.meta": 1592283389802.6414,
  "D:\\Creator\\SpeedTaxi\\assets\\textures\\UI\\set\\setIocnMusic.png.meta": 1592283389836.5513,
  "D:\\Creator\\SpeedTaxi\\assets\\textures\\UI\\set\\setIocnShake.png.meta": 1592283389821.5918,
  "D:\\Creator\\SpeedTaxi\\assets\\textures\\UI\\shop.meta": 1592283389766.7373,
  "D:\\Creator\\SpeedTaxi\\assets\\textures\\UI\\shop\\shopBoxChoose.png.meta": 1592283389843.5327,
  "D:\\Creator\\SpeedTaxi\\assets\\textures\\UI\\shop\\shopIconGet.png.meta": 1592283389828.5725,
  "D:\\Creator\\SpeedTaxi\\assets\\textures\\UI\\shop\\shopPoint01.png.meta": 1592283389889.0398,
  "D:\\Creator\\SpeedTaxi\\assets\\textures\\UI\\shop\\shopPoint02.png.meta": 1592283389913.973,
  "D:\\Creator\\SpeedTaxi\\assets\\textures": 1592283387417.6648,
  "D:\\Creator\\SpeedTaxi\\assets\\textures\\effect": 1592283387339.8599,
  "D:\\Creator\\SpeedTaxi\\assets\\textures\\effect\\showGold": 1592283387411.682,
  "D:\\Creator\\SpeedTaxi\\assets\\textures\\effect\\showGold\\00002.png": 1588180941000,
  "D:\\Creator\\SpeedTaxi\\assets\\textures\\effect\\light.png": 1588180941000,
  "D:\\Creator\\SpeedTaxi\\assets\\textures\\effect\\showGold\\00001.png": 1588180941000,
  "D:\\Creator\\SpeedTaxi\\assets\\textures\\UI\\head\\head2.png": 1588180941000,
  "D:\\Creator\\SpeedTaxi\\assets\\textures\\UI\\head\\head1.png": 1588180941000,
  "D:\\Creator\\SpeedTaxi\\assets\\textures\\effect\\showGold\\00003.png": 1588180941000,
  "D:\\Creator\\SpeedTaxi\\assets\\textures\\effect\\showGold\\00005.png": 1588180941000,
  "D:\\Creator\\SpeedTaxi\\assets\\textures\\effect\\showGold\\00004.png": 1588180941000,
  "D:\\Creator\\SpeedTaxi\\assets\\textures\\effect\\showGold\\00006.png": 1588180941000,
  "D:\\Creator\\SpeedTaxi\\assets\\textures\\effect\\showGold\\00007.png": 1588180941000,
  "D:\\Creator\\SpeedTaxi\\assets\\textures\\effect\\showGold\\00010.png": 1588180941000,
  "D:\\Creator\\SpeedTaxi\\assets\\textures\\effect\\showGold\\00009.png": 1588180941000,
  "D:\\Creator\\SpeedTaxi\\assets\\textures\\UI": 1592557532155.416,
  "D:\\Creator\\SpeedTaxi\\assets\\textures\\UI\\common": 1592283387496.367,
  "D:\\Creator\\SpeedTaxi\\assets\\textures\\effect\\showGold\\00008.png": 1588180941000,
  "D:\\Creator\\SpeedTaxi\\assets\\textures\\effect\\showGold\\00011.png": 1588180941000,
  "D:\\Creator\\SpeedTaxi\\assets\\textures\\effect\\showGold\\00012.png": 1588180941000,
  "D:\\Creator\\SpeedTaxi\\assets\\textures\\UI\\common\\commonBtnBlue.png": 1588180941000,
  "D:\\Creator\\SpeedTaxi\\assets\\textures\\effect\\showGold\\commonIconCoin.png": 1588180941000,
  "D:\\Creator\\SpeedTaxi\\assets\\textures\\UI\\common\\commonBtnRed.png": 1588180941000,
  "D:\\Creator\\SpeedTaxi\\assets\\textures\\UI\\common\\commonBtnGray.png": 1588180941000,
  "D:\\Creator\\SpeedTaxi\\assets\\textures\\UI\\common\\commonBtnYellow.png": 1588180941000,
  "D:\\Creator\\SpeedTaxi\\assets\\textures\\UI\\common\\commonIconClose.png": 1588180941000,
  "D:\\Creator\\SpeedTaxi\\assets\\textures\\UI\\common\\commonIconGold.png": 1588180941000,
  "D:\\Creator\\SpeedTaxi\\assets\\textures\\UI\\common\\commonIconClose02.png": 1588180941000,
  "D:\\Creator\\SpeedTaxi\\assets\\textures\\UI\\common\\commonRectangle1.png": 1588180941000,
  "D:\\Creator\\SpeedTaxi\\assets\\textures\\UI\\common\\commonRectangle2.png": 1588180941000,
  "D:\\Creator\\SpeedTaxi\\assets\\textures\\UI\\daily": 1592283387533.2693,
  "D:\\Creator\\SpeedTaxi\\assets\\textures\\UI\\common\\rankxImg03.png": 1588180941000,
  "D:\\Creator\\SpeedTaxi\\assets\\textures\\UI\\common\\commonTitle02.png": 1588180941000,
  "D:\\Creator\\SpeedTaxi\\assets\\textures\\UI\\common\\commonRectangle8.png": 1588180941000,
  "D:\\Creator\\SpeedTaxi\\assets\\textures\\UI\\common\\commonTitle01.png": 1588180941000,
  "D:\\Creator\\SpeedTaxi\\assets\\textures\\UI\\daily\\dailyImg02.png": 1588180941000,
  "D:\\Creator\\SpeedTaxi\\assets\\textures\\UI\\daily\\dailyImg01.png": 1588180941000,
  "D:\\Creator\\SpeedTaxi\\assets\\textures\\UI\\fight": 1592283387670.9006,
  "D:\\Creator\\SpeedTaxi\\assets\\textures\\UI\\daily\\dailyImg03.png": 1588180941000,
  "D:\\Creator\\SpeedTaxi\\assets\\textures\\UI\\daily\\dailyBtn01.png": 1588180941000,
  "D:\\Creator\\SpeedTaxi\\assets\\textures\\UI\\daily\\dailyImgGet.png": 1588180941000,
  "D:\\Creator\\SpeedTaxi\\assets\\textures\\UI\\fight\\fightBox2b.png": 1588180941000,
  "D:\\Creator\\SpeedTaxi\\assets\\textures\\UI\\fight\\fightBox2a.png": 1588180941000,
  "D:\\Creator\\SpeedTaxi\\assets\\textures\\UI\\fight\\fightBox1a.png": 1588180941000,
  "D:\\Creator\\SpeedTaxi\\assets\\textures\\UI\\daily\\dailyImgLight.png": 1588180941000,
  "D:\\Creator\\SpeedTaxi\\assets\\textures\\UI\\fight\\fightBox2c.png": 1588180941000,
  "D:\\Creator\\SpeedTaxi\\assets\\textures\\UI\\fight\\fightBox3a.png": 1588180941000,
  "D:\\Creator\\SpeedTaxi\\assets\\textures\\UI\\fight\\fightBoxGold.png": 1588180941000,
  "D:\\Creator\\SpeedTaxi\\assets\\textures\\UI\\fight\\fightBoxGold02.png": 1588180941000,
  "D:\\Creator\\SpeedTaxi\\assets\\textures\\UI\\fight\\fightBox3b.png": 1588180941000,
  "D:\\Creator\\SpeedTaxi\\assets\\textures\\UI\\fight\\fightBoxHead.png": 1588180941000,
  "D:\\Creator\\SpeedTaxi\\assets\\textures\\UI\\fight\\fightImgFont01.png": 1588180941000,
  "D:\\Creator\\SpeedTaxi\\assets\\textures\\UI\\fight\\fightBoxTalk.png": 1588180941000,
  "D:\\Creator\\SpeedTaxi\\assets\\textures\\UI\\fight\\fightImgCircle.png": 1588180941000,
  "D:\\Creator\\SpeedTaxi\\assets\\textures\\UI\\fight\\fightImgFont02.png": 1588180941000,
  "D:\\Creator\\SpeedTaxi\\assets\\textures\\UI\\fight\\fightImgGift.png": 1588180941000,
  "D:\\Creator\\SpeedTaxi\\assets\\textures\\UI\\fight\\fightImgHand.png": 1588180941000,
  "D:\\Creator\\SpeedTaxi\\assets\\textures\\UI\\fight\\fightImgLineRed.png": 1588180941000,
  "D:\\Creator\\SpeedTaxi\\assets\\textures\\UI\\fight\\fightImgGold.png": 1588180941000,
  "D:\\Creator\\SpeedTaxi\\assets\\textures\\UI\\fight\\fightImgLight.png": 1588180941000,
  "D:\\Creator\\SpeedTaxi\\assets\\textures\\UI\\fight\\fightImgLineYellow.png": 1588180941000,
  "D:\\Creator\\SpeedTaxi\\assets\\textures\\UI\\fight\\fightImgStar.png": 1588180941000,
  "D:\\Creator\\SpeedTaxi\\assets\\textures\\UI\\head": 1592283386398.4346,
  "D:\\Creator\\SpeedTaxi\\assets\\textures\\UI\\home": 1592283387794.5994,
  "D:\\Creator\\SpeedTaxi\\assets\\textures\\UI\\fight\\fightLineRed.png": 1588180941000,
  "D:\\Creator\\SpeedTaxi\\assets\\textures\\UI\\fight\\fightLineGray.png": 1588180941000,
  "D:\\Creator\\SpeedTaxi\\assets\\textures\\UI\\fight\\fightShieldImg01.png": 1588180941000,
  "D:\\Creator\\SpeedTaxi\\assets\\textures\\UI\\fight\\fightShieldImg02.png": 1588180941000,
  "D:\\Creator\\SpeedTaxi\\assets\\textures\\UI\\home\\homeBarGold02.png": 1588180941000,
  "D:\\Creator\\SpeedTaxi\\assets\\textures\\UI\\home\\homeBarGold01.png": 1588180941000,
  "D:\\Creator\\SpeedTaxi\\assets\\textures\\UI\\home\\homeBoxArrow.png": 1588180941000,
  "D:\\Creator\\SpeedTaxi\\assets\\textures\\UI\\home\\homeBoxAD.png": 1588180941000,
  "D:\\Creator\\SpeedTaxi\\assets\\textures\\UI\\home\\homeBoxOnline01.png": 1588180941000,
  "D:\\Creator\\SpeedTaxi\\assets\\textures\\UI\\home\\homeBoxGame03.png": 1588180941000,
  "D:\\Creator\\SpeedTaxi\\assets\\textures\\UI\\home\\homeBoxGold.png": 1588180941000,
  "D:\\Creator\\SpeedTaxi\\assets\\textures\\UI\\home\\homeBoxGame.jpg": 1588180941000,
  "D:\\Creator\\SpeedTaxi\\assets\\textures\\UI\\home\\homeBoxGame02.png": 1588180941000,
  "D:\\Creator\\SpeedTaxi\\assets\\textures\\UI\\home\\homeIconDaily.png": 1588180941000,
  "D:\\Creator\\SpeedTaxi\\assets\\textures\\UI\\home\\homeBoxOnline02.png": 1588180941000,
  "D:\\Creator\\SpeedTaxi\\assets\\textures\\UI\\home\\homeIconGame.png": 1588180941000,
  "D:\\Creator\\SpeedTaxi\\assets\\textures\\UI\\home\\homeIconCar.png": 1588180941000,
  "D:\\Creator\\SpeedTaxi\\assets\\textures\\UI\\home\\homeIconArrow.png": 1588180941000,
  "D:\\Creator\\SpeedTaxi\\assets\\textures\\UI\\home\\homeIconGold.png": 1588180941000,
  "D:\\Creator\\SpeedTaxi\\assets\\textures\\UI\\home\\homeIconLottery.png": 1588180941000,
  "D:\\Creator\\SpeedTaxi\\assets\\textures\\UI\\home\\homeIconService.png": 1588180941000,
  "D:\\Creator\\SpeedTaxi\\assets\\textures\\UI\\home\\homeIconRank.png": 1588180941000,
  "D:\\Creator\\SpeedTaxi\\assets\\textures\\UI\\loading": 1592618835603.6892,
  "D:\\Creator\\SpeedTaxi\\assets\\textures\\UI\\home\\homeImgGame.png": 1588180941000,
  "D:\\Creator\\SpeedTaxi\\assets\\textures\\UI\\home\\homeLogo.png": 1588180941000,
  "D:\\Creator\\SpeedTaxi\\assets\\textures\\UI\\loading\\loadingCar": 1592618835593.7173,
  "D:\\Creator\\SpeedTaxi\\assets\\textures\\UI\\home\\homeImgPoint.png": 1588180941000,
  "D:\\Creator\\SpeedTaxi\\assets\\textures\\UI\\home\\homeIconSet.png": 1588180941000,
  "D:\\Creator\\SpeedTaxi\\assets\\textures\\UI\\loading\\loadingBg.jpg": 1588180941000,
  "D:\\Creator\\SpeedTaxi\\assets\\textures\\UI\\loading\\loadingCar\\loadingCar03.png": 1588180941000,
  "D:\\Creator\\SpeedTaxi\\assets\\textures\\UI\\loading\\loadingCar\\loadingCar01.png": 1588180941000,
  "D:\\Creator\\SpeedTaxi\\assets\\textures\\UI\\loading\\loadingCar\\loadingCar02.png": 1588180941000,
  "D:\\Creator\\SpeedTaxi\\assets\\textures\\UI\\rank": 1592283387873.41,
  "D:\\Creator\\SpeedTaxi\\assets\\textures\\UI\\loading\\loadingCar\\loadingCar04.png": 1588180941000,
  "D:\\Creator\\SpeedTaxi\\assets\\textures\\UI\\loading\\loadingBg01.jpg": 1588180941000,
  "D:\\Creator\\SpeedTaxi\\assets\\textures\\UI\\rank\\rankBox01.png": 1588180941000,
  "D:\\Creator\\SpeedTaxi\\assets\\textures\\UI\\rank\\rankBox02.png": 1588180941000,
  "D:\\Creator\\SpeedTaxi\\assets\\textures\\UI\\loading\\singleColorBlack.png": 1588180941000,
  "D:\\Creator\\SpeedTaxi\\assets\\textures\\UI\\set": 1592283387902.3394,
  "D:\\Creator\\SpeedTaxi\\assets\\textures\\UI\\loading\\singleColor.png": 1588180941000,
  "D:\\Creator\\SpeedTaxi\\assets\\textures\\UI\\rank\\rankBoxNumber.png": 1588180941000,
  "D:\\Creator\\SpeedTaxi\\assets\\textures\\UI\\rank\\rankIconArrow.png": 1588180941000,
  "D:\\Creator\\SpeedTaxi\\assets\\textures\\UI\\set\\setImg02.png": 1588180941000,
  "D:\\Creator\\SpeedTaxi\\assets\\textures\\UI\\rank\\rankImgLine.png": 1588180941000,
  "D:\\Creator\\SpeedTaxi\\assets\\textures\\UI\\shop": 1592283387927.3042,
  "D:\\Creator\\SpeedTaxi\\assets\\textures\\UI\\set\\setImg01.png": 1588180941000,
  "D:\\Creator\\SpeedTaxi\\assets\\textures\\UI\\set\\setImg03.png": 1588180941000,
  "D:\\Creator\\SpeedTaxi\\assets\\textures\\UI\\set\\setIocnShake.png": 1588180941000,
  "D:\\Creator\\SpeedTaxi\\assets\\textures\\UI\\shop\\shopIconGet.png": 1588180941000,
  "D:\\Creator\\SpeedTaxi\\assets\\textures\\UI\\set\\setIocnMusic.png": 1588180941000,
  "D:\\Creator\\SpeedTaxi\\assets\\textures\\UI\\shop\\shopBoxChoose.png": 1588180941000,
  "D:\\Creator\\SpeedTaxi\\assets\\textures\\UI\\shop\\shopPoint01.png": 1588180941000,
  "D:\\Creator\\SpeedTaxi\\assets\\textures\\UI\\shop\\shopPoint02.png": 1588180941000,
  "D:\\Creator\\SpeedTaxi\\assets\\audio\\music\\background.mp3.meta": 1592283390068.042,
  "D:\\Creator\\SpeedTaxi\\assets\\audio\\sound\\click.mp3.meta": 1592283390074.058,
  "D:\\Creator\\SpeedTaxi\\assets\\audio\\sound\\crash.mp3.meta": 1592283390087.988,
  "D:\\Creator\\SpeedTaxi\\assets\\audio\\sound\\getMoney.mp3.meta": 1592283390060.0647,
  "D:\\Creator\\SpeedTaxi\\assets\\audio\\sound\\inCar.mp3.meta": 1592283390051.0872,
  "D:\\Creator\\SpeedTaxi\\assets\\audio\\sound\\newOrder.mp3.meta": 1592283390152.8147,
  "D:\\Creator\\SpeedTaxi\\assets\\audio\\sound\\start.mp3.meta": 1592283390181.7378,
  "D:\\Creator\\SpeedTaxi\\assets\\audio\\sound\\stop.mp3.meta": 1592283390119.9033,
  "D:\\Creator\\SpeedTaxi\\assets\\audio\\sound\\tooting1.mp3.meta": 1592283390162.7883,
  "D:\\Creator\\SpeedTaxi\\assets\\audio\\sound\\tooting2.mp3.meta": 1592283390126.884,
  "D:\\Creator\\SpeedTaxi\\assets\\audio\\sound\\win.mp3.meta": 1592283390217.6414,
  "D:\\Creator\\SpeedTaxi\\assets\\audio.meta": 1592283390132.8687,
  "D:\\Creator\\SpeedTaxi\\assets\\audio\\music.meta": 1592283390140.8462,
  "D:\\Creator\\SpeedTaxi\\assets\\audio\\sound.meta": 1592283390146.8303,
  "D:\\Creator\\SpeedTaxi\\assets\\audio\\sound\\inCar.mp3": 1588180941000,
  "D:\\Creator\\SpeedTaxi\\assets\\audio\\sound\\getMoney.mp3": 1588180941000,
  "D:\\Creator\\SpeedTaxi\\assets\\audio\\music\\background.mp3": 1588180941000,
  "D:\\Creator\\SpeedTaxi\\assets\\audio\\sound\\click.mp3": 1588180941000,
  "D:\\Creator\\SpeedTaxi\\assets\\audio\\sound\\crash.mp3": 1588180941000,
  "D:\\Creator\\SpeedTaxi\\assets\\audio\\sound\\stop.mp3": 1588180941000,
  "D:\\Creator\\SpeedTaxi\\assets\\audio\\sound\\tooting2.mp3": 1588180941000,
  "D:\\Creator\\SpeedTaxi\\assets\\audio": 1592283389946.9255,
  "D:\\Creator\\SpeedTaxi\\assets\\audio\\music": 1592283389938.9067,
  "D:\\Creator\\SpeedTaxi\\assets\\audio\\sound": 1592283390000.7715,
  "D:\\Creator\\SpeedTaxi\\assets\\audio\\sound\\newOrder.mp3": 1588180941000,
  "D:\\Creator\\SpeedTaxi\\assets\\audio\\sound\\tooting1.mp3": 1588180941000,
  "D:\\Creator\\SpeedTaxi\\assets\\audio\\sound\\start.mp3": 1588180941000,
  "D:\\Creator\\SpeedTaxi\\assets\\audio\\sound\\win.mp3": 1588180941000,
  "D:\\Creator\\SpeedTaxi\\assets\\model\\house\\house01.FBX.meta": 1592283390964.3855,
  "D:\\Creator\\SpeedTaxi\\assets\\model\\house\\house01.jpg.meta": 1592283390805.7678,
  "D:\\Creator\\SpeedTaxi\\assets\\model\\house\\house02.FBX.meta": 1592283390958.4126,
  "D:\\Creator\\SpeedTaxi\\assets\\model\\house\\house02.jpg.meta": 1592283390812.75,
  "D:\\Creator\\SpeedTaxi\\assets\\model\\cars\\taxi\\taxi01.FBX.meta": 1592283391231.629,
  "D:\\Creator\\SpeedTaxi\\assets\\model\\cars\\taxi\\taxi02.FBX.meta": 1592283391127.9058,
  "D:\\Creator\\SpeedTaxi\\assets\\model\\cars\\taxi\\taxi03.FBX.meta": 1592283391261.5483,
  "D:\\Creator\\SpeedTaxi\\assets\\model\\cars\\taxi\\taxi04.FBX.meta": 1592283391385.2185,
  "D:\\Creator\\SpeedTaxi\\assets\\model\\cars\\taxi\\taxi05.FBX.meta": 1592283391516.3748,
  "D:\\Creator\\SpeedTaxi\\assets\\model\\cars\\taxi\\taxi06.FBX.meta": 1592283391594.1677,
  "D:\\Creator\\SpeedTaxi\\assets\\model\\cars\\taxi\\taxi07.FBX.meta": 1592283391563.25,
  "D:\\Creator\\SpeedTaxi\\assets\\model\\cars\\taxi\\taxi08.FBX.meta": 1592283391644.0347,
  "D:\\Creator\\SpeedTaxi\\assets\\model\\cars\\truck\\truck01.FBX.meta": 1592283391628.076,
  "D:\\Creator\\SpeedTaxi\\assets\\model\\cars\\truck\\truck02.FBX.meta": 1592283391781.814,
  "D:\\Creator\\SpeedTaxi\\assets\\model\\customer\\1\\girl01.fbx.meta": 1592283391921.439,
  "D:\\Creator\\SpeedTaxi\\assets\\model\\customer\\1\\girl01@walk.FBX.meta": 1592283391873.5674,
  "D:\\Creator\\SpeedTaxi\\assets\\model\\customer\\2\\man01.FBX.meta": 1592356150204.311,
  "D:\\Creator\\SpeedTaxi\\assets\\model\\customer\\2\\man01@walk.FBX.meta": 1592362488959.0542,
  "D:\\Creator\\SpeedTaxi\\assets\\model\\effect\\coin\\coin.FBX.meta": 1592283392101.9563,
  "D:\\Creator\\SpeedTaxi\\assets\\model\\plane\\plane01.FBX.meta": 1592283392061.0654,
  "D:\\Creator\\SpeedTaxi\\assets\\model\\road\\road01.FBX.meta": 1592283392094.9746,
  "D:\\Creator\\SpeedTaxi\\assets\\model\\road\\road02.FBX.meta": 1592283392086.9956,
  "D:\\Creator\\SpeedTaxi\\assets\\model\\road\\road03.FBX.meta": 1592283392338.324,
  "D:\\Creator\\SpeedTaxi\\assets\\model\\road\\road04.FBX.meta": 1592283392939.0073,
  "D:\\Creator\\SpeedTaxi\\assets\\model\\road\\road05.FBX.meta": 1592283392283.4705,
  "D:\\Creator\\SpeedTaxi\\assets\\model\\road\\road06.FBX.meta": 1592283392406.1426,
  "D:\\Creator\\SpeedTaxi\\assets\\model\\road\\road07.FBX.meta": 1592283392321.3696,
  "D:\\Creator\\SpeedTaxi\\assets\\model\\road\\road08.FBX.meta": 1592283392466.9792,
  "D:\\Creator\\SpeedTaxi\\assets\\model\\sign\\end.FBX.meta": 1592285415177.3733,
  "D:\\Creator\\SpeedTaxi\\assets\\model\\sign\\sign01.FBX.meta": 1592283392529.8125,
  "D:\\Creator\\SpeedTaxi\\assets\\model\\sign\\sign02.FBX.meta": 1592283392597.63,
  "D:\\Creator\\SpeedTaxi\\assets\\model\\sign\\start.FBX.meta": 1592285237516.3848,
  "D:\\Creator\\SpeedTaxi\\assets\\model\\tree\\stone01.FBX.meta": 1592283392800.387,
  "D:\\Creator\\SpeedTaxi\\assets\\model\\tree\\stone02.FBX.meta": 1592283392760.196,
  "D:\\Creator\\SpeedTaxi\\assets\\model\\tree\\tree01.FBX.meta": 1592283392834.288,
  "D:\\Creator\\SpeedTaxi\\assets\\model\\tree\\tree02.FBX.meta": 1592283393095.5884,
  "D:\\Creator\\SpeedTaxi\\assets\\model.meta": 1592283392767.1768,
  "D:\\Creator\\SpeedTaxi\\assets\\model\\cars.meta": 1592283392777.1523,
  "D:\\Creator\\SpeedTaxi\\assets\\model\\cars\\taxi.meta": 1592283392783.134,
  "D:\\Creator\\SpeedTaxi\\assets\\model\\cars\\taxi\\taxi01.jpg.meta": 1592283392861.216,
  "D:\\Creator\\SpeedTaxi\\assets\\model\\cars\\taxi\\taxi02Blue.jpg.meta": 1592283392853.2366,
  "D:\\Creator\\SpeedTaxi\\assets\\model\\cars\\taxi\\taxi02Gray.jpg.meta": 1592283392869.1943,
  "D:\\Creator\\SpeedTaxi\\assets\\model\\cars\\taxi\\taxi03Orange.jpg.meta": 1592283392932.026,
  "D:\\Creator\\SpeedTaxi\\assets\\model\\cars\\taxi\\taxi03Purple.jpg.meta": 1592283392915.0715,
  "D:\\Creator\\SpeedTaxi\\assets\\model\\cars\\taxi\\taxi04Red.png.meta": 1592283392909.089,
  "D:\\Creator\\SpeedTaxi\\assets\\model\\cars\\taxi\\taxi04Yellow.png.meta": 1592283393069.6582,
  "D:\\Creator\\SpeedTaxi\\assets\\model\\cars\\taxi\\taxi05Green.png.meta": 1592283393009.818,
  "D:\\Creator\\SpeedTaxi\\assets\\model\\cars\\taxi\\taxi05Red.png.meta": 1592283393017.7966,
  "D:\\Creator\\SpeedTaxi\\assets\\model\\cars\\taxi\\taxi06Gray.png.meta": 1592283393024.7788,
  "D:\\Creator\\SpeedTaxi\\assets\\model\\cars\\taxi\\taxi06Purple.png.meta": 1592283393178.3684,
  "D:\\Creator\\SpeedTaxi\\assets\\model\\cars\\taxi\\taxi07Black.png.meta": 1592283393169.3914,
  "D:\\Creator\\SpeedTaxi\\assets\\model\\cars\\taxi\\taxi07White.png.meta": 1592283393156.4258,
  "D:\\Creator\\SpeedTaxi\\assets\\model\\cars\\taxi\\taxi08Black.jpg.meta": 1592283393217.2632,
  "D:\\Creator\\SpeedTaxi\\assets\\model\\cars\\taxi\\taxi08Gray.jpg.meta": 1592283393251.1736,
  "D:\\Creator\\SpeedTaxi\\assets\\model\\cars\\truck.meta": 1592283393163.4065,
  "D:\\Creator\\SpeedTaxi\\assets\\model\\cars\\truck\\truck01.jpg.meta": 1592283393346.9165,
  "D:\\Creator\\SpeedTaxi\\assets\\model\\cars\\truck\\truck02Blue.jpg.meta": 1592283393368.858,
  "D:\\Creator\\SpeedTaxi\\assets\\model\\cars\\truck\\truck02Pink.jpg.meta": 1592283393332.9702,
  "D:\\Creator\\SpeedTaxi\\assets\\model\\cars\\truck\\truck02Silvery.jpg.meta": 1592283393412.7424,
  "D:\\Creator\\SpeedTaxi\\assets\\model\\customer.meta": 1592283393257.1577,
  "D:\\Creator\\SpeedTaxi\\assets\\model\\customer\\1.meta": 1592283393265.1763,
  "D:\\Creator\\SpeedTaxi\\assets\\model\\customer\\1\\girl01.jpg.meta": 1592283393462.608,
  "D:\\Creator\\SpeedTaxi\\assets\\model\\customer\\2.meta": 1592283393339.936,
  "D:\\Creator\\SpeedTaxi\\assets\\model\\customer\\2\\man01.jpg.meta": 1592283393538.407,
  "D:\\Creator\\SpeedTaxi\\assets\\model\\effect.meta": 1592283393354.9028,
  "D:\\Creator\\SpeedTaxi\\assets\\model\\effect\\coin.meta": 1592283393362.9146,
  "D:\\Creator\\SpeedTaxi\\assets\\model\\effect\\coin\\coin.jpg.meta": 1592283393530.4255,
  "D:\\Creator\\SpeedTaxi\\assets\\model\\effect\\tailGas.meta": 1592283393375.839,
  "D:\\Creator\\SpeedTaxi\\assets\\model\\effect\\tailGas\\TrailModule01.png.meta": 1592283393545.386,
  "D:\\Creator\\SpeedTaxi\\assets\\model\\effect\\tailLine.meta": 1592283393419.7222,
  "D:\\Creator\\SpeedTaxi\\assets\\model\\effect\\tailLine\\TrailModule02.png.meta": 1592283393507.4875,
  "D:\\Creator\\SpeedTaxi\\assets\\model\\house.meta": 1592283393469.589,
  "D:\\Creator\\SpeedTaxi\\assets\\model\\plane.meta": 1592283393474.5754,
  "D:\\Creator\\SpeedTaxi\\assets\\model\\plane\\plane01.jpg.meta": 1592283393612.208,
  "D:\\Creator\\SpeedTaxi\\assets\\model\\road.meta": 1592283393514.4683,
  "D:\\Creator\\SpeedTaxi\\assets\\model\\road\\road01.jpg.meta": 1592283393652.1018,
  "D:\\Creator\\SpeedTaxi\\assets\\model\\road\\road02.jpg.meta": 1592283393662.0742,
  "D:\\Creator\\SpeedTaxi\\assets\\model\\road\\road03.jpg.meta": 1592283393733.8813,
  "D:\\Creator\\SpeedTaxi\\assets\\model\\sign.meta": 1592283393551.3704,
  "D:\\Creator\\SpeedTaxi\\assets\\model\\sign\\end.jpg.meta": 1592283393675.0396,
  "D:\\Creator\\SpeedTaxi\\assets\\model\\sign\\sign.jpg.meta": 1592283393767.7915,
  "D:\\Creator\\SpeedTaxi\\assets\\model\\sign\\start.jpg.meta": 1592283393761.8066,
  "D:\\Creator\\SpeedTaxi\\assets\\model\\tree.meta": 1592283393668.0925,
  "D:\\Creator\\SpeedTaxi\\assets\\model\\tree\\stone01.png.meta": 1592283393822.6646,
  "D:\\Creator\\SpeedTaxi\\assets\\model\\tree\\stone02.png.meta": 1592283393816.6914,
  "D:\\Creator\\SpeedTaxi\\assets\\model\\tree\\trees01.jpg.meta": 1592283393841.6013,
  "D:\\Creator\\SpeedTaxi\\assets\\model\\house\\house01.jpg": 1588180941000,
  "D:\\Creator\\SpeedTaxi\\assets\\model\\house\\house02.jpg": 1588180941000,
  "D:\\Creator\\SpeedTaxi\\assets\\model\\house\\house02.FBX": 1588180941000,
  "D:\\Creator\\SpeedTaxi\\assets\\model\\house\\house01.FBX": 1588180941000,
  "D:\\Creator\\SpeedTaxi\\assets\\model\\cars\\taxi\\taxi02.FBX": 1588180941000,
  "D:\\Creator\\SpeedTaxi\\assets\\model\\cars\\taxi\\taxi01.FBX": 1588180941000,
  "D:\\Creator\\SpeedTaxi\\assets\\model\\cars\\taxi\\taxi03.FBX": 1588180941000,
  "D:\\Creator\\SpeedTaxi\\assets\\model\\cars\\taxi\\taxi04.FBX": 1588180941000,
  "D:\\Creator\\SpeedTaxi\\assets\\model\\cars\\taxi\\taxi05.FBX": 1588180941000,
  "D:\\Creator\\SpeedTaxi\\assets\\model\\cars\\taxi\\taxi07.FBX": 1588180941000,
  "D:\\Creator\\SpeedTaxi\\assets\\model\\cars\\taxi\\taxi06.FBX": 1588180941000,
  "D:\\Creator\\SpeedTaxi\\assets\\model\\cars\\truck\\truck01.FBX": 1588180941000,
  "D:\\Creator\\SpeedTaxi\\assets\\model\\cars\\taxi\\taxi08.FBX": 1588180941000,
  "D:\\Creator\\SpeedTaxi\\assets\\model\\cars\\truck\\truck02.FBX": 1588180941000,
  "D:\\Creator\\SpeedTaxi\\assets\\model\\customer\\1\\girl01@walk.FBX": 1588180941000,
  "D:\\Creator\\SpeedTaxi\\assets\\model\\customer\\2\\man01@walk.FBX": 1588180941000,
  "D:\\Creator\\SpeedTaxi\\assets\\model\\customer\\1\\girl01.fbx": 1588180941000,
  "D:\\Creator\\SpeedTaxi\\assets\\model\\customer\\2\\man01.FBX": 1588180941000,
  "D:\\Creator\\SpeedTaxi\\assets\\model\\plane\\plane01.FBX": 1588180941000,
  "D:\\Creator\\SpeedTaxi\\assets\\model\\road\\road02.FBX": 1588180941000,
  "D:\\Creator\\SpeedTaxi\\assets\\model\\road\\road01.FBX": 1588180941000,
  "D:\\Creator\\SpeedTaxi\\assets\\model\\effect\\coin\\coin.FBX": 1588180941000,
  "D:\\Creator\\SpeedTaxi\\assets\\model\\road\\road05.FBX": 1588180941000,
  "D:\\Creator\\SpeedTaxi\\assets\\model\\road\\road07.FBX": 1588180941000,
  "D:\\Creator\\SpeedTaxi\\assets\\model\\road\\road03.FBX": 1588180941000,
  "D:\\Creator\\SpeedTaxi\\assets\\model\\road\\road06.FBX": 1588180941000,
  "D:\\Creator\\SpeedTaxi\\assets\\model\\road\\road08.FBX": 1588180941000,
  "D:\\Creator\\SpeedTaxi\\assets\\model\\sign\\end.FBX": 1588180941000,
  "D:\\Creator\\SpeedTaxi\\assets\\model\\sign\\sign01.FBX": 1588180941000,
  "D:\\Creator\\SpeedTaxi\\assets\\model\\sign\\sign02.FBX": 1588180941000,
  "D:\\Creator\\SpeedTaxi\\assets\\model\\sign\\start.FBX": 1588180941000,
  "D:\\Creator\\SpeedTaxi\\assets\\model\\tree\\stone02.FBX": 1588180941000,
  "D:\\Creator\\SpeedTaxi\\assets\\model": 1592283390658.1543,
  "D:\\Creator\\SpeedTaxi\\assets\\model\\cars": 1592283390377.3125,
  "D:\\Creator\\SpeedTaxi\\assets\\model\\cars\\taxi": 1592283390371.2422,
  "D:\\Creator\\SpeedTaxi\\assets\\model\\tree\\stone01.FBX": 1588180941000,
  "D:\\Creator\\SpeedTaxi\\assets\\model\\tree\\tree01.FBX": 1588180941000,
  "D:\\Creator\\SpeedTaxi\\assets\\model\\cars\\taxi\\taxi02Blue.jpg": 1588180941000,
  "D:\\Creator\\SpeedTaxi\\assets\\model\\cars\\taxi\\taxi01.jpg": 1588180941000,
  "D:\\Creator\\SpeedTaxi\\assets\\model\\cars\\taxi\\taxi02Gray.jpg": 1588180941000,
  "D:\\Creator\\SpeedTaxi\\assets\\model\\cars\\taxi\\taxi04Red.png": 1588180941000,
  "D:\\Creator\\SpeedTaxi\\assets\\model\\cars\\taxi\\taxi03Purple.jpg": 1588180941000,
  "D:\\Creator\\SpeedTaxi\\assets\\model\\cars\\taxi\\taxi03Orange.jpg": 1588180941000,
  "D:\\Creator\\SpeedTaxi\\assets\\model\\road\\road04.FBX": 1588180941000,
  "D:\\Creator\\SpeedTaxi\\assets\\model\\cars\\taxi\\taxi05Green.png": 1588180941000,
  "D:\\Creator\\SpeedTaxi\\assets\\model\\cars\\taxi\\taxi05Red.png": 1588180941000,
  "D:\\Creator\\SpeedTaxi\\assets\\model\\cars\\taxi\\taxi06Gray.png": 1588180941000,
  "D:\\Creator\\SpeedTaxi\\assets\\model\\cars\\taxi\\taxi04Yellow.png": 1588180941000,
  "D:\\Creator\\SpeedTaxi\\assets\\model\\tree\\tree02.FBX": 1588180941000,
  "D:\\Creator\\SpeedTaxi\\assets\\model\\cars\\taxi\\taxi07White.png": 1588180941000,
  "D:\\Creator\\SpeedTaxi\\assets\\model\\cars\\truck": 1592283390410.1863,
  "D:\\Creator\\SpeedTaxi\\assets\\model\\cars\\taxi\\taxi07Black.png": 1588180941000,
  "D:\\Creator\\SpeedTaxi\\assets\\model\\cars\\taxi\\taxi06Purple.png": 1588180941000,
  "D:\\Creator\\SpeedTaxi\\assets\\model\\cars\\taxi\\taxi08Black.jpg": 1588180941000,
  "D:\\Creator\\SpeedTaxi\\assets\\model\\cars\\taxi\\taxi08Gray.jpg": 1588180941000,
  "D:\\Creator\\SpeedTaxi\\assets\\model\\customer": 1592283390442.439,
  "D:\\Creator\\SpeedTaxi\\assets\\model\\customer\\1": 1592283390437.4202,
  "D:\\Creator\\SpeedTaxi\\assets\\model\\cars\\truck\\truck02Pink.jpg": 1588180941000,
  "D:\\Creator\\SpeedTaxi\\assets\\model\\customer\\2": 1592356149831.2598,
  "D:\\Creator\\SpeedTaxi\\assets\\model\\cars\\truck\\truck01.jpg": 1588180941000,
  "D:\\Creator\\SpeedTaxi\\assets\\model\\effect": 1592283390498.385,
  "D:\\Creator\\SpeedTaxi\\assets\\model\\effect\\coin": 1592283390481.403,
  "D:\\Creator\\SpeedTaxi\\assets\\model\\cars\\truck\\truck02Blue.jpg": 1588180941000,
  "D:\\Creator\\SpeedTaxi\\assets\\model\\effect\\tailGas": 1592283390492.404,
  "D:\\Creator\\SpeedTaxi\\assets\\model\\cars\\truck\\truck02Silvery.jpg": 1588180941000,
  "D:\\Creator\\SpeedTaxi\\assets\\model\\effect\\tailLine": 1592283390503.3792,
  "D:\\Creator\\SpeedTaxi\\assets\\model\\customer\\1\\girl01.jpg": 1588180941000,
  "D:\\Creator\\SpeedTaxi\\assets\\model\\house": 1592283386964.558,
  "D:\\Creator\\SpeedTaxi\\assets\\model\\plane": 1592283390538.347,
  "D:\\Creator\\SpeedTaxi\\assets\\model\\effect\\tailLine\\TrailModule02.png": 1588180941000,
  "D:\\Creator\\SpeedTaxi\\assets\\model\\road": 1592283390605.297,
  "D:\\Creator\\SpeedTaxi\\assets\\model\\effect\\coin\\coin.jpg": 1588180941000,
  "D:\\Creator\\SpeedTaxi\\assets\\model\\customer\\2\\man01.jpg": 1588180941000,
  "D:\\Creator\\SpeedTaxi\\assets\\model\\effect\\tailGas\\TrailModule01.png": 1588180941000,
  "D:\\Creator\\SpeedTaxi\\assets\\model\\sign": 1592285414989.435,
  "D:\\Creator\\SpeedTaxi\\assets\\model\\plane\\plane01.jpg": 1588180941000,
  "D:\\Creator\\SpeedTaxi\\assets\\model\\road\\road01.jpg": 1588180941000,
  "D:\\Creator\\SpeedTaxi\\assets\\model\\road\\road02.jpg": 1588180941000,
  "D:\\Creator\\SpeedTaxi\\assets\\model\\tree": 1592283390698.0557,
  "D:\\Creator\\SpeedTaxi\\assets\\model\\sign\\end.jpg": 1588180941000,
  "D:\\Creator\\SpeedTaxi\\assets\\model\\road\\road03.jpg": 1588180941000,
  "D:\\Creator\\SpeedTaxi\\assets\\model\\sign\\start.jpg": 1588180941000,
  "D:\\Creator\\SpeedTaxi\\assets\\model\\sign\\sign.jpg": 1588180941000,
  "D:\\Creator\\SpeedTaxi\\assets\\model\\tree\\stone02.png": 1588180941000,
  "D:\\Creator\\SpeedTaxi\\assets\\model\\tree\\stone01.png": 1588180941000,
  "D:\\Creator\\SpeedTaxi\\assets\\model\\tree\\trees01.jpg": 1588180941000,
  "D:\\Creator\\SpeedTaxi\\assets\\New Scene.scene.meta": 1592284103688.5203,
  "D:\\Creator\\SpeedTaxi\\assets\\New Scene.scene": 1592292008357.0127,
  "D:\\Creator\\SpeedTaxi\\assets\\model\\sign\\Materials_start\\Material #93.mtl.meta": 1592285237431.9377,
  "D:\\Creator\\SpeedTaxi\\assets\\model\\sign\\Materials_start.meta": 1592285237367.7417,
  "D:\\Creator\\SpeedTaxi\\assets\\model\\sign\\Materials_start": 1592285237337.427,
  "D:\\Creator\\SpeedTaxi\\assets\\model\\sign\\Materials_start\\Material #93.mtl": 1592285290382.035,
  "D:\\Creator\\SpeedTaxi\\assets\\model\\sign\\Materials_end\\Material #91.mtl.meta": 1592285415092.795,
  "D:\\Creator\\SpeedTaxi\\assets\\model\\sign\\Materials_end.meta": 1592285415036.3567,
  "D:\\Creator\\SpeedTaxi\\assets\\model\\sign\\Materials_end": 1592285415006.3394,
  "D:\\Creator\\SpeedTaxi\\assets\\model\\sign\\Materials_end\\Material #91.mtl": 1592285449109.5515,
  "D:\\Creator\\SpeedTaxi\\assets\\Prefab.meta": 1592286357544.1682,
  "D:\\Creator\\SpeedTaxi\\assets\\Prefab": 1592286357523.063,
  "D:\\Creator\\SpeedTaxi\\assets\\prefab.meta": 1592286373869.8298,
  "D:\\Creator\\SpeedTaxi\\assets\\prefab": 1592622509901.795,
  "D:\\Creator\\SpeedTaxi\\assets\\prefab\\map.meta": 1592286391778.6858,
  "D:\\Creator\\SpeedTaxi\\assets\\prefab\\map": 1592286408518.698,
  "D:\\Creator\\SpeedTaxi\\assets\\prefab\\map\\map101.prefab.meta": 1592286408545.4973,
  "D:\\Creator\\SpeedTaxi\\assets\\prefab\\map\\map101.prefab": 1592580367794.2842,
  "D:\\Creator\\SpeedTaxi\\assets\\script.meta": 1592287693756.0752,
  "D:\\Creator\\SpeedTaxi\\assets\\script": 1592531425635.6843,
  "D:\\Creator\\SpeedTaxi\\assets\\script\\RoadPoint.ts.meta": 1592287720688.922,
  "D:\\Creator\\SpeedTaxi\\assets\\script\\RoadPoint.ts": 1592289795761.2349,
  "D:\\Creator\\SpeedTaxi\\assets\\prefab\\car.meta": 1592288378989.472,
  "D:\\Creator\\SpeedTaxi\\assets\\prefab\\car": 1592292484739.705,
  "D:\\Creator\\SpeedTaxi\\assets\\prefab\\car\\taxi01.prefab.meta": 1592288386568.6445,
  "D:\\Creator\\SpeedTaxi\\assets\\prefab\\car\\taxi01.prefab": 1592288386527.978,
  "D:\\Creator\\SpeedTaxi\\assets\\prefab\\car\\taxi101.prefab.meta": 1592288430168.7068,
  "D:\\Creator\\SpeedTaxi\\assets\\prefab\\car\\taxi101.prefab": 1592288430133.3772,
  "D:\\Creator\\SpeedTaxi\\assets\\prefab\\car\\car201.prefab.meta": 1592288714547.9397,
  "D:\\Creator\\SpeedTaxi\\assets\\prefab\\car\\car201.prefab": 1592288714502.0276,
  "D:\\Creator\\SpeedTaxi\\assets\\prefab\\car\\car202.prefab.meta": 1592288718186.7424,
  "D:\\Creator\\SpeedTaxi\\assets\\prefab\\car\\car202.prefab": 1592288718150.3516,
  "D:\\Creator\\SpeedTaxi\\assets\\script\\game.meta": 1592291895277.541,
  "D:\\Creator\\SpeedTaxi\\assets\\script\\game": 1592388656210.791,
  "D:\\Creator\\SpeedTaxi\\assets\\script\\game\\RoadPoint.ts.meta": 1592291899472.982,
  "D:\\Creator\\SpeedTaxi\\assets\\script\\game\\RoadPoint.ts": 1592628861541.1565,
  "D:\\Creator\\SpeedTaxi\\assets\\script\\game\\GameCtrl.ts.meta": 1592291916541.079,
  "D:\\Creator\\SpeedTaxi\\assets\\script\\game\\GameCtrl.ts": 1592963082424.4487,
  "D:\\Creator\\SpeedTaxi\\assets\\script\\game\\MapMgr.ts.meta": 1592291931568.97,
  "D:\\Creator\\SpeedTaxi\\assets\\script\\game\\MapMgr.ts": 1592660256013.321,
  "D:\\Creator\\SpeedTaxi\\assets\\script\\game\\CarMgr.ts.meta": 1592291945883.6416,
  "D:\\Creator\\SpeedTaxi\\assets\\script\\game\\CarMgr.ts": 1592964038515.1514,
  "D:\\Creator\\SpeedTaxi\\assets\\game.scene.meta": 1592291986847.3606,
  "D:\\Creator\\SpeedTaxi\\assets\\game.scene": 1592960712092.2107,
  "D:\\Creator\\SpeedTaxi\\assets\\script\\game\\GameMap.ts.meta": 1592292360290.2988,
  "D:\\Creator\\SpeedTaxi\\assets\\script\\game\\GameMap.ts": 1592540993044.7212,
  "D:\\Creator\\SpeedTaxi\\assets\\script\\game\\Car.ts.meta": 1592406177611.671,
  "D:\\Creator\\SpeedTaxi\\assets\\script\\game\\Car.ts": 1592961674494.5593,
  "D:\\Creator\\SpeedTaxi\\assets\\prefab\\car\\car101.prefab.meta": 1592288430168.7068,
  "D:\\Creator\\SpeedTaxi\\assets\\prefab\\car\\car101.prefab": 1592395322942.862,
  "D:\\Creator\\SpeedTaxi\\assets\\script\\data.meta": 1592292650890.721,
  "D:\\Creator\\SpeedTaxi\\assets\\script\\data": 1592651105216.5242,
  "D:\\Creator\\SpeedTaxi\\assets\\script\\data\\CustomEventListener.ts.meta": 1592292673010.8777,
  "D:\\Creator\\SpeedTaxi\\assets\\script\\data\\CustomEventListener.ts": 1592300651851.6533,
  "D:\\Creator\\SpeedTaxi\\assets\\model\\customer\\2\\Materials_man01\\Material #2.mtl.meta": 1592356149970.4255,
  "D:\\Creator\\SpeedTaxi\\assets\\model\\customer\\2\\Materials_man01.meta": 1592356149897.371,
  "D:\\Creator\\SpeedTaxi\\assets\\model\\customer\\2\\Materials_man01": 1592356149848.3865,
  "D:\\Creator\\SpeedTaxi\\assets\\model\\customer\\2\\Materials_man01\\Material #2.mtl": 1592356177848.1128,
  "D:\\Creator\\SpeedTaxi\\assets\\prefab\\customer.meta": 1592356768238.5789,
  "D:\\Creator\\SpeedTaxi\\assets\\prefab\\customer": 1592356776116.127,
  "D:\\Creator\\SpeedTaxi\\assets\\prefab\\customer\\customer02.prefab.meta": 1592356775574.6292,
  "D:\\Creator\\SpeedTaxi\\assets\\prefab\\customer\\customer02.prefab": 1592367657603.9763,
  "D:\\Creator\\SpeedTaxi\\assets\\prefab\\customer\\customer01.prefab.meta": 1592356776213.2268,
  "D:\\Creator\\SpeedTaxi\\assets\\prefab\\customer\\customer01.prefab": 1592367654011.06,
  "D:\\Creator\\SpeedTaxi\\assets\\script\\game\\CustomerMgr.ts.meta": 1592356890087.5974,
  "D:\\Creator\\SpeedTaxi\\assets\\script\\game\\CustomerMgr.ts": 1592655661066.786,
  "D:\\Creator\\SpeedTaxi\\assets\\script\\data\\Constants.ts.meta": 1592357500807.2522,
  "D:\\Creator\\SpeedTaxi\\assets\\script\\data\\Constants.ts": 1592962942738.9941,
  "D:\\Creator\\SpeedTaxi\\assets\\material.meta": 1592365861878.4507,
  "D:\\Creator\\SpeedTaxi\\assets\\material": 1592372152432.7197,
  "D:\\Creator\\SpeedTaxi\\assets\\material\\light.mtl.meta": 1592365873151.8794,
  "D:\\Creator\\SpeedTaxi\\assets\\material\\light.mtl": 1592367542962.4238,
  "D:\\Creator\\SpeedTaxi\\assets\\material\\gas.mtl.meta": 1592366506820.7495,
  "D:\\Creator\\SpeedTaxi\\assets\\material\\gas.mtl": 1592366582701.3,
  "D:\\Creator\\SpeedTaxi\\assets\\material\\breakTrail.mtl.meta": 1592368610698.0916,
  "D:\\Creator\\SpeedTaxi\\assets\\material\\breakTrail.mtl": 1592370981625.7998,
  "D:\\Creator\\SpeedTaxi\\assets\\prefab\\effect.meta": 1592371385609.6252,
  "D:\\Creator\\SpeedTaxi\\assets\\prefab\\effect": 1592397262670.8882,
  "D:\\Creator\\SpeedTaxi\\assets\\prefab\\effect\\BreakTrail.prefab.meta": 1592371392863.8018,
  "D:\\Creator\\SpeedTaxi\\assets\\prefab\\effect\\BreakTrail.prefab": 1592395060374.9004,
  "D:\\Creator\\SpeedTaxi\\assets\\material\\coin.mtl.meta": 1592372152463.3892,
  "D:\\Creator\\SpeedTaxi\\assets\\material\\coin.mtl": 1592373257107.9346,
  "D:\\Creator\\SpeedTaxi\\assets\\prefab\\effect\\coin.prefab.meta": 1592373391274.4182,
  "D:\\Creator\\SpeedTaxi\\assets\\prefab\\effect\\coin.prefab": 1592388279996.1965,
  "D:\\Creator\\SpeedTaxi\\assets\\script\\game\\EffectMgr.ts.meta": 1592373470781.2761,
  "D:\\Creator\\SpeedTaxi\\assets\\script\\game\\EffectMgr.ts": 1592629181856.896,
  "D:\\Creator\\SpeedTaxi\\assets\\script\\data\\PoolMgr.ts.meta": 1592374335072.6372,
  "D:\\Creator\\SpeedTaxi\\assets\\script\\data\\PoolMgr.ts": 1592402989107.4585,
  "D:\\Creator\\SpeedTaxi\\assets\\script\\game\\AudioMgr.ts.meta": 1592388656504.7046,
  "D:\\Creator\\SpeedTaxi\\assets\\script\\game\\AudioMgr.ts": 1592389856672.7986,
  "D:\\Creator\\SpeedTaxi\\assets\\resources.meta": 1592388836870.4111,
  "D:\\Creator\\SpeedTaxi\\assets\\resources": 1592622509908.7434,
  "D:\\Creator\\SpeedTaxi\\assets\\resources\\audio\\music\\background.mp3.meta": 1592283390068.042,
  "D:\\Creator\\SpeedTaxi\\assets\\resources\\audio\\sound\\click.mp3.meta": 1592283390074.058,
  "D:\\Creator\\SpeedTaxi\\assets\\resources\\audio\\sound\\crash.mp3.meta": 1592283390087.988,
  "D:\\Creator\\SpeedTaxi\\assets\\resources\\audio\\sound\\getMoney.mp3.meta": 1592283390060.0647,
  "D:\\Creator\\SpeedTaxi\\assets\\resources\\audio\\sound\\inCar.mp3.meta": 1592283390051.0872,
  "D:\\Creator\\SpeedTaxi\\assets\\resources\\audio\\sound\\newOrder.mp3.meta": 1592283390152.8147,
  "D:\\Creator\\SpeedTaxi\\assets\\resources\\audio\\sound\\start.mp3.meta": 1592283390181.7378,
  "D:\\Creator\\SpeedTaxi\\assets\\resources\\audio\\sound\\stop.mp3.meta": 1592283390119.9033,
  "D:\\Creator\\SpeedTaxi\\assets\\resources\\audio\\sound\\tooting1.mp3.meta": 1592283390162.7883,
  "D:\\Creator\\SpeedTaxi\\assets\\resources\\audio\\sound\\tooting2.mp3.meta": 1592283390126.884,
  "D:\\Creator\\SpeedTaxi\\assets\\resources\\audio\\sound\\win.mp3.meta": 1592283390217.6414,
  "D:\\Creator\\SpeedTaxi\\assets\\resources\\audio.meta": 1592283390132.8687,
  "D:\\Creator\\SpeedTaxi\\assets\\resources\\audio\\music.meta": 1592283390140.8462,
  "D:\\Creator\\SpeedTaxi\\assets\\resources\\audio\\sound.meta": 1592283390146.8303,
  "D:\\Creator\\SpeedTaxi\\assets\\resources\\audio\\sound\\inCar.mp3": 1588180941000,
  "D:\\Creator\\SpeedTaxi\\assets\\resources\\audio\\music\\background.mp3": 1588180941000,
  "D:\\Creator\\SpeedTaxi\\assets\\resources\\audio\\sound\\click.mp3": 1588180941000,
  "D:\\Creator\\SpeedTaxi\\assets\\resources\\audio\\sound\\getMoney.mp3": 1588180941000,
  "D:\\Creator\\SpeedTaxi\\assets\\resources\\audio\\sound\\crash.mp3": 1588180941000,
  "D:\\Creator\\SpeedTaxi\\assets\\resources\\audio\\sound\\start.mp3": 1588180941000,
  "D:\\Creator\\SpeedTaxi\\assets\\resources\\audio\\sound\\newOrder.mp3": 1588180941000,
  "D:\\Creator\\SpeedTaxi\\assets\\resources\\audio": 1592388844364.4214,
  "D:\\Creator\\SpeedTaxi\\assets\\resources\\audio\\music": 1592388844408.1992,
  "D:\\Creator\\SpeedTaxi\\assets\\resources\\audio\\sound": 1592388844353.4795,
  "D:\\Creator\\SpeedTaxi\\assets\\resources\\audio\\sound\\tooting1.mp3": 1588180941000,
  "D:\\Creator\\SpeedTaxi\\assets\\resources\\audio\\sound\\stop.mp3": 1588180941000,
  "D:\\Creator\\SpeedTaxi\\assets\\resources\\audio\\sound\\tooting2.mp3": 1588180941000,
  "D:\\Creator\\SpeedTaxi\\assets\\resources\\audio\\sound\\win.mp3": 1588180941000,
  "D:\\Creator\\SpeedTaxi\\assets\\prefab\\effect\\BreakLine.prefab.meta": 1592397262684.0117,
  "D:\\Creator\\SpeedTaxi\\assets\\prefab\\effect\\BreakLine.prefab": 1592397262651.974,
  "D:\\Creator\\SpeedTaxi\\assets\\resources\\car\\car101.prefab.meta": 1592288430168.7068,
  "D:\\Creator\\SpeedTaxi\\assets\\resources\\car\\car201.prefab.meta": 1592288714547.9397,
  "D:\\Creator\\SpeedTaxi\\assets\\resources\\car\\car202.prefab.meta": 1592288718186.7424,
  "D:\\Creator\\SpeedTaxi\\assets\\resources\\car.meta": 1592288378989.472,
  "D:\\Creator\\SpeedTaxi\\assets\\resources\\car": 1592399623684.2427,
  "D:\\Creator\\SpeedTaxi\\assets\\resources\\car\\car202.prefab": 1592403781806.0486,
  "D:\\Creator\\SpeedTaxi\\assets\\resources\\car\\car201.prefab": 1592403709565.657,
  "D:\\Creator\\SpeedTaxi\\assets\\resources\\car\\car101.prefab": 1592408109952.2747,
  "D:\\Creator\\SpeedTaxi\\assets\\resources\\ui.meta": 1592446548731.8542,
  "D:\\Creator\\SpeedTaxi\\assets\\resources\\ui": 1592450234961.0066,
  "D:\\Creator\\SpeedTaxi\\assets\\resources\\ui\\mainUI.prefab.meta": 1592446556687.7454,
  "D:\\Creator\\SpeedTaxi\\assets\\resources\\ui\\mainUI.prefab": 1592654158417.9531,
  "D:\\Creator\\SpeedTaxi\\assets\\anim.meta": 1592448679653.5938,
  "D:\\Creator\\SpeedTaxi\\assets\\anim": 1592621562465.047,
  "D:\\Creator\\SpeedTaxi\\assets\\anim\\showguid.anim.meta": 1592448709951.2495,
  "D:\\Creator\\SpeedTaxi\\assets\\anim\\showguid.anim": 1588776821293.7937,
  "D:\\Creator\\SpeedTaxi\\assets\\anim\\showguide.anim.meta": 1592448831575.8276,
  "D:\\Creator\\SpeedTaxi\\assets\\anim\\showguide.anim": 1592450121230.651,
  "D:\\Creator\\SpeedTaxi\\assets\\resources\\ui\\gameUI.prefab.meta": 1592450153757.5596,
  "D:\\Creator\\SpeedTaxi\\assets\\resources\\ui\\gameUI.prefab": 1592580958408.9656,
  "D:\\Creator\\SpeedTaxi\\assets\\resources\\ui\\resultUI.prefab.meta": 1592450234980.715,
  "D:\\Creator\\SpeedTaxi\\assets\\resources\\ui\\resultUI.prefab": 1592662613260.215,
  "D:\\Creator\\SpeedTaxi\\assets\\script\\ui.meta": 1592531425646.6538,
  "D:\\Creator\\SpeedTaxi\\assets\\script\\ui": 1592622554734.747,
  "D:\\Creator\\SpeedTaxi\\assets\\script\\ui\\UIMgr.ts.meta": 1592537143618.3171,
  "D:\\Creator\\SpeedTaxi\\assets\\script\\ui\\UIMgr.ts": 1592537890285.6892,
  "D:\\Creator\\SpeedTaxi\\assets\\script\\ui\\GameUI.ts.meta": 1592531450999.0417,
  "D:\\Creator\\SpeedTaxi\\assets\\script\\ui\\GameUI.ts": 1592654531068.822,
  "D:\\Creator\\SpeedTaxi\\assets\\script\\ui\\MainUI.ts.meta": 1592531461548.8198,
  "D:\\Creator\\SpeedTaxi\\assets\\script\\ui\\MainUI.ts": 1592653764133.5808,
  "D:\\Creator\\SpeedTaxi\\assets\\script\\ui\\ResultUI.ts.meta": 1592531474072.562,
  "D:\\Creator\\SpeedTaxi\\assets\\script\\ui\\ResultUI.ts": 1592662362718.5466,
  "D:\\Creator\\SpeedTaxi\\assets\\script\\data\\GameData.ts.meta": 1592540691899.462,
  "D:\\Creator\\SpeedTaxi\\assets\\script\\data\\GameData.ts": 1592658645664.9934,
  "D:\\Creator\\SpeedTaxi\\assets\\resources\\texture.meta": 1592557510929.8518,
  "D:\\Creator\\SpeedTaxi\\assets\\resources\\texture": 1592557532161.427,
  "D:\\Creator\\SpeedTaxi\\assets\\resources\\texture\\head\\head1.png.meta": 1592283388084.8828,
  "D:\\Creator\\SpeedTaxi\\assets\\resources\\texture\\head\\head2.png.meta": 1592283388074.9094,
  "D:\\Creator\\SpeedTaxi\\assets\\resources\\texture\\head.meta": 1592283388992.8005,
  "D:\\Creator\\SpeedTaxi\\assets\\resources\\texture\\head": 1592557532130.4827,
  "D:\\Creator\\SpeedTaxi\\assets\\resources\\texture\\head\\head1.png": 1588180941000,
  "D:\\Creator\\SpeedTaxi\\assets\\resources\\texture\\head\\head2.png": 1588180941000,
  "D:\\Creator\\SpeedTaxi\\assets\\script\\ui\\BtnAdapter.ts.meta": 1592562199515.4702,
  "D:\\Creator\\SpeedTaxi\\assets\\script\\ui\\BtnAdapter.ts": 1592562359525.9854,
  "D:\\Creator\\SpeedTaxi\\assets\\textures\\UI\\loading\\loadingCar\\loadingBg.jpg.meta": 1592283389465.5437,
  "D:\\Creator\\SpeedTaxi\\assets\\textures\\UI\\loading\\loadingCar\\loadingBg.jpg": 1588180941000,
  "D:\\Creator\\SpeedTaxi\\assets\\anim\\loadingcar.anim.meta": 1592621562548.8225,
  "D:\\Creator\\SpeedTaxi\\assets\\anim\\loadingcar.anim": 1592622362904.981,
  "D:\\Creator\\SpeedTaxi\\assets\\resources\\map\\map101.prefab.meta": 1592286408545.4973,
  "D:\\Creator\\SpeedTaxi\\assets\\resources\\map.meta": 1592286391778.6858,
  "D:\\Creator\\SpeedTaxi\\assets\\resources\\map": 1592957856796.3184,
  "D:\\Creator\\SpeedTaxi\\assets\\resources\\map\\map101.prefab": 1592961174952.0872,
  "D:\\Creator\\SpeedTaxi\\assets\\script\\ui\\LoadingUI.ts.meta": 1592622556732.9158,
  "D:\\Creator\\SpeedTaxi\\assets\\script\\ui\\LoadingUI.ts": 1592625401360.8618,
  "D:\\Creator\\SpeedTaxi\\assets\\script\\data\\UpdateLabelValue.ts.meta": 1592623358721.482,
  "D:\\Creator\\SpeedTaxi\\assets\\script\\data\\UpdateLabelValue.ts": 1592625681069.328,
  "D:\\Creator\\SpeedTaxi\\assets\\script\\data\\ConfigMgr.ts.meta": 1592653328165.0215,
  "D:\\Creator\\SpeedTaxi\\assets\\script\\data\\ConfigMgr.ts": 1592657023227.7266,
  "D:\\Creator\\SpeedTaxi\\assets\\resources\\map\\map102.prefab.meta": 1592957856803.3303,
  "D:\\Creator\\SpeedTaxi\\assets\\resources\\map\\map102.prefab": 1592964350852.0618
}
