{
  "uuid": {
    "D:\\Creator\\SpeedTaxi\\assets\\model\\sign\\Materials_start\\Material #93.mtl": [
      "1baf0fc9-befa-459c-8bdd-af1a450a0319"
    ],
    "D:\\Creator\\SpeedTaxi\\assets\\model\\sign\\Materials_end\\Material #91.mtl": [
      "1baf0fc9-befa-459c-8bdd-af1a450a0319"
    ],
    "D:\\Creator\\SpeedTaxi\\assets\\model\\customer\\2\\Materials_man01\\Material #2.mtl": [
      "1baf0fc9-befa-459c-8bdd-af1a450a0319"
    ],
    "D:\\Creator\\SpeedTaxi\\assets\\material\\light.mtl": [
      "1baf0fc9-befa-459c-8bdd-af1a450a0319",
      "a3cd009f-0ab0-420d-9278-b9fdab939bbc"
    ],
    "D:\\Creator\\SpeedTaxi\\assets\\material\\gas.mtl": [
      "1baf0fc9-befa-459c-8bdd-af1a450a0319",
      "d1346436-ac96-4271-b863-1f4fdead95b0"
    ],
    "D:\\Creator\\SpeedTaxi\\assets\\material\\breakTrail.mtl": [
      "1baf0fc9-befa-459c-8bdd-af1a450a0319",
      "17debcc3-0a6b-4b8a-b00b-dc58b885581e"
    ],
    "D:\\Creator\\SpeedTaxi\\assets\\material\\coin.mtl": [
      "1baf0fc9-befa-459c-8bdd-af1a450a0319",
      "d1346436-ac96-4271-b863-1f4fdead95b0"
    ]
  },
  "path": {
    "D:\\Creator\\SpeedTaxi\\assets\\model\\sign\\start.FBX": [
      "D:\\Creator\\SpeedTaxi\\assets\\model\\sign\\Materials_start\\Material #93.mtl"
    ],
    "D:\\Creator\\SpeedTaxi\\assets\\model\\sign\\end.FBX": [
      "D:\\Creator\\SpeedTaxi\\assets\\model\\sign\\Materials_end\\Material #91.mtl"
    ],
    "D:\\Creator\\SpeedTaxi\\assets\\model\\customer\\2\\man01.FBX": [
      "D:\\Creator\\SpeedTaxi\\assets\\model\\customer\\2\\Materials_man01\\Material #2.mtl"
    ]
  }
}
