[
  {
    "__type__": "cc.Prefab",
    "_name": "",
    "_objFlags": 0,
    "_native": "",
    "data": {
      "__id__": 1
    },
    "optimizationPolicy": 0,
    "asyncLoadAssets": false
  },
  {
    "__type__": "cc.Node",
    "_name": "customer01",
    "_objFlags": 0,
    "_parent": null,
    "_children": [
      {
        "__id__": 2
      }
    ],
    "_active": false,
    "_components": [
      {
        "__id__": 58
      }
    ],
    "_prefab": {
      "__id__": 59
    },
    "_lpos": {
      "__type__": "cc.Vec3",
      "x": 0,
      "y": 0,
      "z": 0
    },
    "_lrot": {
      "__type__": "cc.Quat",
      "x": 0,
      "y": 0,
      "z": 0,
      "w": 1
    },
    "_lscale": {
      "__type__": "cc.Vec3",
      "x": 1,
      "y": 1,
      "z": 1
    },
    "_layer": 1073741824,
    "_euler": {
      "__type__": "cc.Vec3",
      "x": 0,
      "y": 0,
      "z": 0
    },
    "_id": ""
  },
  {
    "__type__": "cc.Node",
    "_name": "RootNode",
    "_objFlags": 0,
    "_parent": {
      "__id__": 1
    },
    "_children": [
      {
        "__id__": 3
      },
      {
        "__id__": 7
      }
    ],
    "_active": true,
    "_components": [],
    "_prefab": {
      "__id__": 57
    },
    "_lpos": {
      "__type__": "cc.Vec3",
      "x": 0,
      "y": 0,
      "z": 0
    },
    "_lrot": {
      "__type__": "cc.Quat",
      "x": 0,
      "y": 0,
      "z": 0,
      "w": 1
    },
    "_lscale": {
      "__type__": "cc.Vec3",
      "x": 1,
      "y": 1,
      "z": 1
    },
    "_layer": 1073741824,
    "_euler": {
      "__type__": "cc.Vec3",
      "x": 0,
      "y": 0,
      "z": 0
    },
    "_id": ""
  },
  {
    "__type__": "cc.Node",
    "_name": "girl02",
    "_objFlags": 0,
    "_parent": {
      "__id__": 2
    },
    "_children": [],
    "_active": true,
    "_components": [
      {
        "__id__": 4
      }
    ],
    "_prefab": {
      "__id__": 6
    },
    "_lpos": {
      "__type__": "cc.Vec3",
      "x": 0,
      "y": 0,
      "z": 0
    },
    "_lrot": {
      "__type__": "cc.Quat",
      "x": 0.7071068407911882,
      "y": 0.7071067215818972,
      "z": 5.7601156830878716e-8,
      "w": 5.760116748901989e-8
    },
    "_lscale": {
      "__type__": "cc.Vec3",
      "x": 40.8631820678711,
      "y": 40.8631820678711,
      "z": 40.8631820678711
    },
    "_layer": 1073741824,
    "_euler": {
      "__type__": "cc.Vec3",
      "x": 0,
      "y": 179.99999066533204,
      "z": 90
    },
    "_id": ""
  },
  {
    "__type__": "cc.SkinningModelComponent",
    "_name": "",
    "_objFlags": 0,
    "node": {
      "__id__": 3
    },
    "_enabled": true,
    "_materials": [
      {
        "__uuid__": "d0074da7-9d0e-43b5-bff9-b9425d573b47@fe5ee"
      }
    ],
    "_visFlags": 0,
    "lightmapSettings": {
      "__id__": 5
    },
    "_mesh": {
      "__uuid__": "d0074da7-9d0e-43b5-bff9-b9425d573b47@274e2"
    },
    "_shadowCastingMode": 0,
    "_enableMorph": true,
    "_skeleton": {
      "__uuid__": "d0074da7-9d0e-43b5-bff9-b9425d573b47@438fe"
    },
    "_skinningRoot": {
      "__id__": 1
    },
    "_id": ""
  },
  {
    "__type__": "cc.ModelLightmapSettings",
    "texture": null,
    "uvParam": {
      "__type__": "cc.Vec4",
      "x": 0,
      "y": 0,
      "z": 0,
      "w": 0
    },
    "_bakeable": false,
    "_castShadow": false,
    "_recieveShadow": false,
    "_lightmapSize": 64
  },
  {
    "__type__": "cc.PrefabInfo",
    "root": {
      "__id__": 1
    },
    "asset": {
      "__id__": 0
    },
    "fileId": "75ty/PEVNFLoyBq2dd4wRA",
    "sync": false,
    "_synced": {
      "default": false,
      "serializable": false
    }
  },
  {
    "__type__": "cc.Node",
    "_name": "Bip002",
    "_objFlags": 0,
    "_parent": {
      "__id__": 2
    },
    "_children": [
      {
        "__id__": 8
      },
      {
        "__id__": 10
      }
    ],
    "_active": true,
    "_components": [],
    "_prefab": {
      "__id__": 56
    },
    "_lpos": {
      "__type__": "cc.Vec3",
      "x": 0.000437296781456098,
      "y": 0.162740305066109,
      "z": -9.34606725344622e-10
    },
    "_lrot": {
      "__type__": "cc.Quat",
      "x": -0.5000003576277411,
      "y": -0.4999996423720031,
      "z": -0.4999996423720031,
      "w": 0.5000003576277411
    },
    "_lscale": {
      "__type__": "cc.Vec3",
      "x": 0.999999940395355,
      "y": 0.999999940395355,
      "z": 1
    },
    "_layer": 1073741824,
    "_euler": {
      "__type__": "cc.Vec3",
      "x": -90,
      "y": -89.99991803772988,
      "z": 0
    },
    "_id": ""
  },
  {
    "__type__": "cc.Node",
    "_name": "Bip002 Footsteps",
    "_objFlags": 0,
    "_parent": {
      "__id__": 7
    },
    "_children": [],
    "_active": true,
    "_components": [],
    "_prefab": {
      "__id__": 9
    },
    "_lpos": {
      "__type__": "cc.Vec3",
      "x": -1.32348895050256e-25,
      "y": 0,
      "z": -0.15406209230423
    },
    "_lrot": {
      "__type__": "cc.Quat",
      "x": -6.921397640638601e-34,
      "y": 6.921406824188368e-34,
      "z": 0.7071063043492202,
      "w": 0.7071072580235535
    },
    "_lscale": {
      "__type__": "cc.Vec3",
      "x": 1,
      "y": 1,
      "z": 1
    },
    "_layer": 1073741824,
    "_euler": {
      "__type__": "cc.Vec3",
      "x": 0,
      "y": -1.1216597443755499e-31,
      "z": 90
    },
    "_id": ""
  },
  {
    "__type__": "cc.PrefabInfo",
    "root": {
      "__id__": 1
    },
    "asset": {
      "__id__": 0
    },
    "fileId": "1145U0CMJF65i7DVYcEn1n",
    "sync": false,
    "_synced": {
      "default": false,
      "serializable": false
    }
  },
  {
    "__type__": "cc.Node",
    "_name": "Bip002 Pelvis",
    "_objFlags": 0,
    "_parent": {
      "__id__": 7
    },
    "_children": [
      {
        "__id__": 11
      }
    ],
    "_active": true,
    "_components": [],
    "_prefab": {
      "__id__": 55
    },
    "_lpos": {
      "__type__": "cc.Vec3",
      "x": 0,
      "y": 0,
      "z": 0
    },
    "_lrot": {
      "__type__": "cc.Quat",
      "x": 0.4639031022988035,
      "y": 0.5336602364722678,
      "z": 0.5086500081534693,
      "w": -0.49119836409681256
    },
    "_lscale": {
      "__type__": "cc.Vec3",
      "x": 1,
      "y": 1,
      "z": 0.999999940395355
    },
    "_layer": 1073741824,
    "_euler": {
      "__type__": "cc.Vec3",
      "x": -87.01131714275752,
      "y": -94.99317424741686,
      "z": -0.26143153717816514
    },
    "_id": ""
  },
  {
    "__type__": "cc.Node",
    "_name": "Bip002 Spine",
    "_objFlags": 0,
    "_parent": {
      "__id__": 10
    },
    "_children": [
      {
        "__id__": 12
      },
      {
        "__id__": 22
      },
      {
        "__id__": 32
      }
    ],
    "_active": true,
    "_components": [],
    "_prefab": {
      "__id__": 54
    },
    "_lpos": {
      "__type__": "cc.Vec3",
      "x": 0.0204302202910185,
      "y": 0.00175504083745182,
      "z": 0.00000172115858276811
    },
    "_lrot": {
      "__type__": "cc.Quat",
      "x": -0.023899123587258018,
      "y": -0.05340169485167406,
      "z": 0.045309160880387084,
      "w": 0.9972583270241693
    },
    "_lscale": {
      "__type__": "cc.Vec3",
      "x": 0.999999940395355,
      "y": 0.999999940395355,
      "z": 1
    },
    "_layer": 1073741824,
    "_euler": {
      "__type__": "cc.Vec3",
      "x": -2.4652890086503874,
      "y": -6.015545672330229,
      "z": 5.331752141692003
    },
    "_id": ""
  },
  {
    "__type__": "cc.Node",
    "_name": "Bip002 L Thigh",
    "_objFlags": 0,
    "_parent": {
      "__id__": 11
    },
    "_children": [
      {
        "__id__": 13
      }
    ],
    "_active": true,
    "_components": [],
    "_prefab": {
      "__id__": 21
    },
    "_lpos": {
      "__type__": "cc.Vec3",
      "x": -0.0188402365893126,
      "y": -0.000732986663933843,
      "z": 0.0169235672801733
    },
    "_lrot": {
      "__type__": "cc.Quat",
      "x": -0.2183414644006629,
      "y": 0.9729575275764636,
      "z": 0.0036262333433554226,
      "w": -0.07528283262078105
    },
    "_lscale": {
      "__type__": "cc.Vec3",
      "x": 1,
      "y": 1,
      "z": 1.00000023841858
    },
    "_layer": 1073741824,
    "_euler": {
      "__type__": "cc.Vec3",
      "x": 1.6347974606109208,
      "y": -170.78597732356607,
      "z": -25.177246440163934
    },
    "_id": ""
  },
  {
    "__type__": "cc.Node",
    "_name": "Bip002 L Calf",
    "_objFlags": 0,
    "_parent": {
      "__id__": 12
    },
    "_children": [
      {
        "__id__": 14
      }
    ],
    "_active": true,
    "_components": [],
    "_prefab": {
      "__id__": 20
    },
    "_lpos": {
      "__type__": "cc.Vec3",
      "x": 0.0700375437736511,
      "y": -8.88178399847791e-18,
      "z": 4.44089199923895e-18
    },
    "_lrot": {
      "__type__": "cc.Quat",
      "x": 0,
      "y": 0,
      "z": -0.0014749332112373795,
      "w": 0.9999989122854195
    },
    "_lscale": {
      "__type__": "cc.Vec3",
      "x": 1.00000011920929,
      "y": 0.999999940395355,
      "z": 1
    },
    "_layer": 1073741824,
    "_euler": {
      "__type__": "cc.Vec3",
      "x": 0,
      "y": 0,
      "z": -0.1690149574151743
    },
    "_id": ""
  },
  {
    "__type__": "cc.Node",
    "_name": "Bip002 L Foot",
    "_objFlags": 0,
    "_parent": {
      "__id__": 13
    },
    "_children": [
      {
        "__id__": 15
      }
    ],
    "_active": true,
    "_components": [],
    "_prefab": {
      "__id__": 19
    },
    "_lpos": {
      "__type__": "cc.Vec3",
      "x": 0.0700375437736511,
      "y": 8.88178399847791e-18,
      "z": -4.44089199923895e-18
    },
    "_lrot": {
      "__type__": "cc.Quat",
      "x": -0.0035255051400618583,
      "y": -0.02528195688425971,
      "z": 0.047374614454261756,
      "w": 0.9985509698432625
    },
    "_lscale": {
      "__type__": "cc.Vec3",
      "x": 0.999999940395355,
      "y": 0.999999940395355,
      "z": 0.999999821186066
    },
    "_layer": 1073741824,
    "_euler": {
      "__type__": "cc.Vec3",
      "x": -0.26736362248194634,
      "y": -2.8879828826471585,
      "z": 5.439244536940238
    },
    "_id": ""
  },
  {
    "__type__": "cc.Node",
    "_name": "Bip002 L Toe0",
    "_objFlags": 0,
    "_parent": {
      "__id__": 14
    },
    "_children": [
      {
        "__id__": 16
      }
    ],
    "_active": true,
    "_components": [],
    "_prefab": {
      "__id__": 18
    },
    "_lpos": {
      "__type__": "cc.Vec3",
      "x": 0.0223976150155067,
      "y": 0.0288247391581535,
      "z": 0
    },
    "_lrot": {
      "__type__": "cc.Quat",
      "x": -1.5454231936639717e-8,
      "y": -1.5454393585114783e-8,
      "z": 0.7071067811865472,
      "w": 0.7071067811865472
    },
    "_lscale": {
      "__type__": "cc.Vec3",
      "x": 1,
      "y": 1,
      "z": 0.999999940395355
    },
    "_layer": 1073741824,
    "_euler": {
      "__type__": "cc.Vec3",
      "x": 0,
      "y": -0.000002504465489921935,
      "z": 90
    },
    "_id": ""
  },
  {
    "__type__": "cc.Node",
    "_name": "Bip002 L Toe0Nub",
    "_objFlags": 0,
    "_parent": {
      "__id__": 15
    },
    "_children": [],
    "_active": true,
    "_components": [],
    "_prefab": {
      "__id__": 17
    },
    "_lpos": {
      "__type__": "cc.Vec3",
      "x": 0.00292142387479544,
      "y": 5.9604643443123e-10,
      "z": -4.44089199923895e-18
    },
    "_lrot": {
      "__type__": "cc.Quat",
      "x": -7.8159700933611e-14,
      "y": -1.4210854715202e-14,
      "z": 1,
      "w": -6.12323426292584e-17
    },
    "_lscale": {
      "__type__": "cc.Vec3",
      "x": -1,
      "y": -1,
      "z": -0.999999940395355
    },
    "_layer": 1073741824,
    "_euler": {
      "__type__": "cc.Vec3",
      "x": 179.99999999999838,
      "y": 179.99999999999105,
      "z": -7.016709604583723e-15
    },
    "_id": ""
  },
  {
    "__type__": "cc.PrefabInfo",
    "root": {
      "__id__": 1
    },
    "asset": {
      "__id__": 0
    },
    "fileId": "a4EncfTRBHYImq6os3uxIo",
    "sync": false,
    "_synced": {
      "default": false,
      "serializable": false
    }
  },
  {
    "__type__": "cc.PrefabInfo",
    "root": {
      "__id__": 1
    },
    "asset": {
      "__id__": 0
    },
    "fileId": "90RBs/AzJIrIZ72m+tRbEl",
    "sync": false,
    "_synced": {
      "default": false,
      "serializable": false
    }
  },
  {
    "__type__": "cc.PrefabInfo",
    "root": {
      "__id__": 1
    },
    "asset": {
      "__id__": 0
    },
    "fileId": "5fqsFbBbxIuY9X2YHvWq6E",
    "sync": false,
    "_synced": {
      "default": false,
      "serializable": false
    }
  },
  {
    "__type__": "cc.PrefabInfo",
    "root": {
      "__id__": 1
    },
    "asset": {
      "__id__": 0
    },
    "fileId": "64JQ6LtfJBDpbvY5G3/c4n",
    "sync": false,
    "_synced": {
      "default": false,
      "serializable": false
    }
  },
  {
    "__type__": "cc.PrefabInfo",
    "root": {
      "__id__": 1
    },
    "asset": {
      "__id__": 0
    },
    "fileId": "93QxfnNZFEw5P31aTCx1/e",
    "sync": false,
    "_synced": {
      "default": false,
      "serializable": false
    }
  },
  {
    "__type__": "cc.Node",
    "_name": "Bip002 R Thigh",
    "_objFlags": 0,
    "_parent": {
      "__id__": 11
    },
    "_children": [
      {
        "__id__": 23
      }
    ],
    "_active": true,
    "_components": [],
    "_prefab": {
      "__id__": 31
    },
    "_lpos": {
      "__type__": "cc.Vec3",
      "x": -0.0219459142535925,
      "y": 0.000829772558063269,
      "z": -0.0126367602497339
    },
    "_lrot": {
      "__type__": "cc.Quat",
      "x": 0.1947318923662233,
      "y": 0.9804793657240825,
      "z": -0.020850494633637986,
      "w": -0.017463114221213563
    },
    "_lscale": {
      "__type__": "cc.Vec3",
      "x": 1,
      "y": 1,
      "z": 1.00000011920929
    },
    "_layer": 1073741824,
    "_euler": {
      "__type__": "cc.Vec3",
      "x": 2.114267257603782,
      "y": -178.37973725527408,
      "z": 22.494170658225208
    },
    "_id": ""
  },
  {
    "__type__": "cc.Node",
    "_name": "Bip002 R Calf",
    "_objFlags": 0,
    "_parent": {
      "__id__": 22
    },
    "_children": [
      {
        "__id__": 24
      }
    ],
    "_active": true,
    "_components": [],
    "_prefab": {
      "__id__": 30
    },
    "_lpos": {
      "__type__": "cc.Vec3",
      "x": 0.0700375512242317,
      "y": 8.88178399847791e-18,
      "z": -4.44089199923895e-18
    },
    "_lrot": {
      "__type__": "cc.Quat",
      "x": 3.410608691510259e-18,
      "y": -7.699914474275069e-19,
      "z": -0.09753086944804883,
      "w": 0.9952325002253031
    },
    "_lscale": {
      "__type__": "cc.Vec3",
      "x": 0.999999940395355,
      "y": 1.00000011920929,
      "z": 1
    },
    "_layer": 1073741824,
    "_euler": {
      "__type__": "cc.Vec3",
      "x": 3.877345826823366e-16,
      "y": -5.065995073717208e-17,
      "z": -11.194009189068657
    },
    "_id": ""
  },
  {
    "__type__": "cc.Node",
    "_name": "Bip002 R Foot",
    "_objFlags": 0,
    "_parent": {
      "__id__": 23
    },
    "_children": [
      {
        "__id__": 25
      }
    ],
    "_active": true,
    "_components": [],
    "_prefab": {
      "__id__": 29
    },
    "_lpos": {
      "__type__": "cc.Vec3",
      "x": 0.0700375437736511,
      "y": -4.76837147544984e-9,
      "z": 2.38418573772492e-9
    },
    "_lrot": {
      "__type__": "cc.Quat",
      "x": -0.009866906217861028,
      "y": 0.034147612362473684,
      "z": 0.02328710231543379,
      "w": 0.9990967398592494
    },
    "_lscale": {
      "__type__": "cc.Vec3",
      "x": 1.00000011920929,
      "y": 1,
      "z": 0.999999940395355
    },
    "_layer": 1073741824,
    "_euler": {
      "__type__": "cc.Vec3",
      "x": -1.222144295771838,
      "y": 3.9430803379790462,
      "z": 2.628407321402902
    },
    "_id": ""
  },
  {
    "__type__": "cc.Node",
    "_name": "Bip002 R Toe0",
    "_objFlags": 0,
    "_parent": {
      "__id__": 24
    },
    "_children": [
      {
        "__id__": 26
      }
    ],
    "_active": true,
    "_components": [],
    "_prefab": {
      "__id__": 28
    },
    "_lpos": {
      "__type__": "cc.Vec3",
      "x": 0.0223976131528616,
      "y": 0.0288247391581535,
      "z": -4.44089199923895e-18
    },
    "_lrot": {
      "__type__": "cc.Quat",
      "x": -1.545433318898125e-8,
      "y": -1.5454292332773253e-8,
      "z": 0.7071067811865472,
      "w": 0.7071067811865472
    },
    "_lscale": {
      "__type__": "cc.Vec3",
      "x": 1,
      "y": 1,
      "z": 0.999999940395355
    },
    "_layer": 1073741824,
    "_euler": {
      "__type__": "cc.Vec3",
      "x": 0,
      "y": -0.000002504481898566259,
      "z": 90
    },
    "_id": ""
  },
  {
    "__type__": "cc.Node",
    "_name": "Bip002 R Toe0Nub",
    "_objFlags": 0,
    "_parent": {
      "__id__": 25
    },
    "_children": [],
    "_active": true,
    "_components": [],
    "_prefab": {
      "__id__": 27
    },
    "_lpos": {
      "__type__": "cc.Vec3",
      "x": 0.00292142853140831,
      "y": -1.19209286886246e-9,
      "z": 4.44089199923895e-18
    },
    "_lrot": {
      "__type__": "cc.Quat",
      "x": 2.93873587705572e-39,
      "y": -2.11758236813575e-22,
      "z": 1.38777878078145e-17,
      "w": 1
    },
    "_lscale": {
      "__type__": "cc.Vec3",
      "x": 1,
      "y": 1,
      "z": 0.999999940395355
    },
    "_layer": 1073741824,
    "_euler": {
      "__type__": "cc.Vec3",
      "x": 6.735086514358773e-37,
      "y": -2.426570649309933e-20,
      "z": 1.5902773407317633e-15
    },
    "_id": ""
  },
  {
    "__type__": "cc.PrefabInfo",
    "root": {
      "__id__": 1
    },
    "asset": {
      "__id__": 0
    },
    "fileId": "91szqVpa5PVLED8GTq4NsN",
    "sync": false,
    "_synced": {
      "default": false,
      "serializable": false
    }
  },
  {
    "__type__": "cc.PrefabInfo",
    "root": {
      "__id__": 1
    },
    "asset": {
      "__id__": 0
    },
    "fileId": "f5EWAG0G9PM5sCKWuUHdFB",
    "sync": false,
    "_synced": {
      "default": false,
      "serializable": false
    }
  },
  {
    "__type__": "cc.PrefabInfo",
    "root": {
      "__id__": 1
    },
    "asset": {
      "__id__": 0
    },
    "fileId": "f5OZqTgLBJ/KdT86l1/74A",
    "sync": false,
    "_synced": {
      "default": false,
      "serializable": false
    }
  },
  {
    "__type__": "cc.PrefabInfo",
    "root": {
      "__id__": 1
    },
    "asset": {
      "__id__": 0
    },
    "fileId": "112d1jhgZAO5QpVPMJXRbm",
    "sync": false,
    "_synced": {
      "default": false,
      "serializable": false
    }
  },
  {
    "__type__": "cc.PrefabInfo",
    "root": {
      "__id__": 1
    },
    "asset": {
      "__id__": 0
    },
    "fileId": "90UoKcwYtHlJm8MNy8kNqS",
    "sync": false,
    "_synced": {
      "default": false,
      "serializable": false
    }
  },
  {
    "__type__": "cc.Node",
    "_name": "Bip002 Neck",
    "_objFlags": 0,
    "_parent": {
      "__id__": 11
    },
    "_children": [
      {
        "__id__": 33
      },
      {
        "__id__": 41
      },
      {
        "__id__": 49
      }
    ],
    "_active": true,
    "_components": [],
    "_prefab": {
      "__id__": 53
    },
    "_lpos": {
      "__type__": "cc.Vec3",
      "x": 0.04056241735816,
      "y": -0.0000115188577183289,
      "z": -1.19209286886246e-9
    },
    "_lrot": {
      "__type__": "cc.Quat",
      "x": -1.6304913422550135e-10,
      "y": -1.9793392002093858e-7,
      "z": 0.06975654703976333,
      "w": 0.9975640451344716
    },
    "_lscale": {
      "__type__": "cc.Vec3",
      "x": 1,
      "y": 1,
      "z": 1
    },
    "_layer": 1073741824,
    "_euler": {
      "__type__": "cc.Vec3",
      "x": 0.0000015789144395922164,
      "y": -0.000022847351215093253,
      "z": 8.000008419570952
    },
    "_id": ""
  },
  {
    "__type__": "cc.Node",
    "_name": "Bip002 L Clavicle",
    "_objFlags": 0,
    "_parent": {
      "__id__": 32
    },
    "_children": [
      {
        "__id__": 34
      }
    ],
    "_active": true,
    "_components": [],
    "_prefab": {
      "__id__": 40
    },
    "_lpos": {
      "__type__": "cc.Vec3",
      "x": 0,
      "y": 0.0000116229057312012,
      "z": 0.00303001631982625
    },
    "_lrot": {
      "__type__": "cc.Quat",
      "x": 0.7053011001413734,
      "y": -0.05050288098994343,
      "z": 0.7053009809320844,
      "w": 0.050500925212552915
    },
    "_lscale": {
      "__type__": "cc.Vec3",
      "x": 1,
      "y": 0.999999940395355,
      "z": 1
    },
    "_layer": 1073741824,
    "_euler": {
      "__type__": "cc.Vec3",
      "x": 171.8088424933077,
      "y": -90.00000168358433,
      "z": -0.0001587588270774338
    },
    "_id": ""
  },
  {
    "__type__": "cc.Node",
    "_name": "Bip002 L UpperArm",
    "_objFlags": 0,
    "_parent": {
      "__id__": 33
    },
    "_children": [
      {
        "__id__": 35
      }
    ],
    "_active": true,
    "_components": [],
    "_prefab": {
      "__id__": 39
    },
    "_lpos": {
      "__type__": "cc.Vec3",
      "x": 0.00960996001958847,
      "y": 7.2759574515531e-14,
      "z": 0
    },
    "_lrot": {
      "__type__": "cc.Quat",
      "x": -0.1424355394984832,
      "y": 0.353935161511024,
      "z": -0.03679229042397618,
      "w": 0.9236278178461816
    },
    "_lscale": {
      "__type__": "cc.Vec3",
      "x": 1.00000011920929,
      "y": 1.00000011920929,
      "z": 1.00000011920929
    },
    "_layer": 1073741824,
    "_euler": {
      "__type__": "cc.Vec3",
      "x": -13.917333933748846,
      "y": 40.744917188886646,
      "z": -9.717512759317453
    },
    "_id": ""
  },
  {
    "__type__": "cc.Node",
    "_name": "Bip002 L Forearm",
    "_objFlags": 0,
    "_parent": {
      "__id__": 34
    },
    "_children": [
      {
        "__id__": 36
      }
    ],
    "_active": true,
    "_components": [],
    "_prefab": {
      "__id__": 38
    },
    "_lpos": {
      "__type__": "cc.Vec3",
      "x": 0.0477933213114738,
      "y": -8.88178399847791e-18,
      "z": 1.77635679969558e-17
    },
    "_lrot": {
      "__type__": "cc.Quat",
      "x": 6.308771407340978e-17,
      "y": -7.76838318447891e-17,
      "z": -0.29620125285405213,
      "w": 0.9551255508087352
    },
    "_lscale": {
      "__type__": "cc.Vec3",
      "x": 1,
      "y": 0.99999988079071,
      "z": 0.999999940395355
    },
    "_layer": 1073741824,
    "_euler": {
      "__type__": "cc.Vec3",
      "x": 5.1764670249396025e-15,
      "y": -7.714834325012813e-15,
      "z": -34.45916746430055
    },
    "_id": ""
  },
  {
    "__type__": "cc.Node",
    "_name": "Bip002 L Hand",
    "_objFlags": 0,
    "_parent": {
      "__id__": 35
    },
    "_children": [],
    "_active": true,
    "_components": [],
    "_prefab": {
      "__id__": 37
    },
    "_lpos": {
      "__type__": "cc.Vec3",
      "x": 0.0584285110235214,
      "y": 9.53674295089968e-9,
      "z": 9.53674295089968e-9
    },
    "_lrot": {
      "__type__": "cc.Quat",
      "x": -0.706825182602914,
      "y": -1.054090660319988e-8,
      "z": -1.0532516870015218e-8,
      "w": 0.7073882676708435
    },
    "_lscale": {
      "__type__": "cc.Vec3",
      "x": 0.999999940395355,
      "y": 0.999999940395355,
      "z": 0.99999988079071
    },
    "_layer": 1073741824,
    "_euler": {
      "__type__": "cc.Vec3",
      "x": -89.95437407813075,
      "y": -0.000001707547364442261,
      "z": -7.199638481473593e-14
    },
    "_id": ""
  },
  {
    "__type__": "cc.PrefabInfo",
    "root": {
      "__id__": 1
    },
    "asset": {
      "__id__": 0
    },
    "fileId": "3cf4V11XhCBIbOzQZaM9LB",
    "sync": false,
    "_synced": {
      "default": false,
      "serializable": false
    }
  },
  {
    "__type__": "cc.PrefabInfo",
    "root": {
      "__id__": 1
    },
    "asset": {
      "__id__": 0
    },
    "fileId": "9dZfscTvlAVp0BCvyOcrrU",
    "sync": false,
    "_synced": {
      "default": false,
      "serializable": false
    }
  },
  {
    "__type__": "cc.PrefabInfo",
    "root": {
      "__id__": 1
    },
    "asset": {
      "__id__": 0
    },
    "fileId": "c9p/JbkBtKH6DFZuEDnXbz",
    "sync": false,
    "_synced": {
      "default": false,
      "serializable": false
    }
  },
  {
    "__type__": "cc.PrefabInfo",
    "root": {
      "__id__": 1
    },
    "asset": {
      "__id__": 0
    },
    "fileId": "00EqA4a75HI5ZC8gtIgPd6",
    "sync": false,
    "_synced": {
      "default": false,
      "serializable": false
    }
  },
  {
    "__type__": "cc.Node",
    "_name": "Bip002 R Clavicle",
    "_objFlags": 0,
    "_parent": {
      "__id__": 32
    },
    "_children": [
      {
        "__id__": 42
      }
    ],
    "_active": true,
    "_components": [],
    "_prefab": {
      "__id__": 48
    },
    "_lpos": {
      "__type__": "cc.Vec3",
      "x": -1.90734859017994e-8,
      "y": 0.0000116443634397001,
      "z": -0.00303001631982625
    },
    "_lrot": {
      "__type__": "cc.Quat",
      "x": -0.7053756700329976,
      "y": 0.04944677268909895,
      "z": 0.7053757892422864,
      "w": 0.0494487284665019
    },
    "_lscale": {
      "__type__": "cc.Vec3",
      "x": 1,
      "y": 0.999999940395355,
      "z": 1
    },
    "_layer": 1073741824,
    "_euler": {
      "__type__": "cc.Vec3",
      "x": -171.9801034953782,
      "y": 89.9999985536879,
      "z": 0.00015876116694949215
    },
    "_id": ""
  },
  {
    "__type__": "cc.Node",
    "_name": "Bip002 R UpperArm",
    "_objFlags": 0,
    "_parent": {
      "__id__": 41
    },
    "_children": [
      {
        "__id__": 43
      }
    ],
    "_active": true,
    "_components": [],
    "_prefab": {
      "__id__": 47
    },
    "_lpos": {
      "__type__": "cc.Vec3",
      "x": 0.00960996095091105,
      "y": -7.27595948443217e-14,
      "z": -1.90734859017994e-8
    },
    "_lrot": {
      "__type__": "cc.Quat",
      "x": -0.38115223624558575,
      "y": -0.3888133701260311,
      "z": 0.17197267432483307,
      "w": 0.8209583030226274
    },
    "_lscale": {
      "__type__": "cc.Vec3",
      "x": 1.00000011920929,
      "y": 1,
      "z": 1.00000011920929
    },
    "_layer": 1073741824,
    "_euler": {
      "__type__": "cc.Vec3",
      "x": -37.11535815387628,
      "y": -38.46802369915586,
      "z": 35.36330181212289
    },
    "_id": ""
  },
  {
    "__type__": "cc.Node",
    "_name": "Bip002 R Forearm",
    "_objFlags": 0,
    "_parent": {
      "__id__": 42
    },
    "_children": [
      {
        "__id__": 44
      }
    ],
    "_active": true,
    "_components": [],
    "_prefab": {
      "__id__": 46
    },
    "_lpos": {
      "__type__": "cc.Vec3",
      "x": 0.0477933250367641,
      "y": 0,
      "z": 0
    },
    "_lrot": {
      "__type__": "cc.Quat",
      "x": -3.006542489560621e-17,
      "y": -7.683411968046193e-18,
      "z": -0.2118293221255404,
      "w": 0.9773066756590962
    },
    "_lscale": {
      "__type__": "cc.Vec3",
      "x": 1,
      "y": 1.00000035762787,
      "z": 1
    },
    "_layer": 1073741824,
    "_euler": {
      "__type__": "cc.Vec3",
      "x": -3.90391630464233e-15,
      "y": -1.7470648088579266e-15,
      "z": -24.45915354200795
    },
    "_id": ""
  },
  {
    "__type__": "cc.Node",
    "_name": "Bip002 R Hand",
    "_objFlags": 0,
    "_parent": {
      "__id__": 43
    },
    "_children": [],
    "_active": true,
    "_components": [],
    "_prefab": {
      "__id__": 45
    },
    "_lpos": {
      "__type__": "cc.Vec3",
      "x": 0.0584285520017147,
      "y": 9.53674295089968e-9,
      "z": 0
    },
    "_lrot": {
      "__type__": "cc.Quat",
      "x": 0.7068252124052272,
      "y": -5.890190483363594e-17,
      "z": 5.885502023547755e-17,
      "w": 0.707388237892252
    },
    "_lscale": {
      "__type__": "cc.Vec3",
      "x": 1,
      "y": 0.999999940395355,
      "z": 1
    },
    "_layer": 1073741824,
    "_euler": {
      "__type__": "cc.Vec3",
      "x": 89.95437890588059,
      "y": -9.54166404449729e-15,
      "z": -2.681006925552169e-22
    },
    "_id": ""
  },
  {
    "__type__": "cc.PrefabInfo",
    "root": {
      "__id__": 1
    },
    "asset": {
      "__id__": 0
    },
    "fileId": "02GonAOjVB1aIsohj7DSmj",
    "sync": false,
    "_synced": {
      "default": false,
      "serializable": false
    }
  },
  {
    "__type__": "cc.PrefabInfo",
    "root": {
      "__id__": 1
    },
    "asset": {
      "__id__": 0
    },
    "fileId": "b19+l/OtVCUKzofxtpEP0A",
    "sync": false,
    "_synced": {
      "default": false,
      "serializable": false
    }
  },
  {
    "__type__": "cc.PrefabInfo",
    "root": {
      "__id__": 1
    },
    "asset": {
      "__id__": 0
    },
    "fileId": "a02upoq1hFpJixVz0AizC5",
    "sync": false,
    "_synced": {
      "default": false,
      "serializable": false
    }
  },
  {
    "__type__": "cc.PrefabInfo",
    "root": {
      "__id__": 1
    },
    "asset": {
      "__id__": 0
    },
    "fileId": "b0/qQg9udMrJbh0k+fsWjy",
    "sync": false,
    "_synced": {
      "default": false,
      "serializable": false
    }
  },
  {
    "__type__": "cc.Node",
    "_name": "Bip002 Head",
    "_objFlags": 0,
    "_parent": {
      "__id__": 32
    },
    "_children": [
      {
        "__id__": 50
      }
    ],
    "_active": true,
    "_components": [],
    "_prefab": {
      "__id__": 52
    },
    "_lpos": {
      "__type__": "cc.Vec3",
      "x": 0.0146071240305901,
      "y": -4.44089199923895e-18,
      "z": -2.38418573772492e-9
    },
    "_lrot": {
      "__type__": "cc.Quat",
      "x": -0.12414241430917577,
      "y": 0.06527382055870816,
      "z": -0.02812005545214077,
      "w": 0.9897157429285072
    },
    "_lscale": {
      "__type__": "cc.Vec3",
      "x": 1.00000011920929,
      "y": 0.999999940395355,
      "z": 1.00000011920929
    },
    "_layer": 1073741824,
    "_euler": {
      "__type__": "cc.Vec3",
      "x": -14.045240106899755,
      "y": 7.038724321573004,
      "z": -4.121298815756171
    },
    "_id": ""
  },
  {
    "__type__": "cc.Node",
    "_name": "Bip002 HeadNub",
    "_objFlags": 0,
    "_parent": {
      "__id__": 49
    },
    "_children": [],
    "_active": true,
    "_components": [],
    "_prefab": {
      "__id__": 51
    },
    "_lpos": {
      "__type__": "cc.Vec3",
      "x": 0.140986859798431,
      "y": 1.19209286886246e-9,
      "z": -1.11022299980974e-18
    },
    "_lrot": {
      "__type__": "cc.Quat",
      "x": 8.09628897258108e-9,
      "y": 1.28267174659413e-10,
      "z": 5.90040586797447e-18,
      "w": 1
    },
    "_lscale": {
      "__type__": "cc.Vec3",
      "x": 1,
      "y": 0.999999940395355,
      "z": 1
    },
    "_layer": 1073741824,
    "_euler": {
      "__type__": "cc.Vec3",
      "x": 9.277663756944109e-7,
      "y": 1.4698335516103489e-8,
      "z": 7.951386790526503e-16
    },
    "_id": ""
  },
  {
    "__type__": "cc.PrefabInfo",
    "root": {
      "__id__": 1
    },
    "asset": {
      "__id__": 0
    },
    "fileId": "cchAHNG+JPYpvPQtPdO+0v",
    "sync": false,
    "_synced": {
      "default": false,
      "serializable": false
    }
  },
  {
    "__type__": "cc.PrefabInfo",
    "root": {
      "__id__": 1
    },
    "asset": {
      "__id__": 0
    },
    "fileId": "77MV4849tDA5LtMKdlieEP",
    "sync": false,
    "_synced": {
      "default": false,
      "serializable": false
    }
  },
  {
    "__type__": "cc.PrefabInfo",
    "root": {
      "__id__": 1
    },
    "asset": {
      "__id__": 0
    },
    "fileId": "f4zKXJFuRBVrTqtjU6Mbwf",
    "sync": false,
    "_synced": {
      "default": false,
      "serializable": false
    }
  },
  {
    "__type__": "cc.PrefabInfo",
    "root": {
      "__id__": 1
    },
    "asset": {
      "__id__": 0
    },
    "fileId": "33+WdWGahOr7MwWG1R+oAW",
    "sync": false,
    "_synced": {
      "default": false,
      "serializable": false
    }
  },
  {
    "__type__": "cc.PrefabInfo",
    "root": {
      "__id__": 1
    },
    "asset": {
      "__id__": 0
    },
    "fileId": "409OVrJAtOH7Ig15Oun7RH",
    "sync": false,
    "_synced": {
      "default": false,
      "serializable": false
    }
  },
  {
    "__type__": "cc.PrefabInfo",
    "root": {
      "__id__": 1
    },
    "asset": {
      "__id__": 0
    },
    "fileId": "71pwJiIvNJJoKW3nrT6v8u",
    "sync": false,
    "_synced": {
      "default": false,
      "serializable": false
    }
  },
  {
    "__type__": "cc.PrefabInfo",
    "root": {
      "__id__": 1
    },
    "asset": {
      "__id__": 0
    },
    "fileId": "17a+NVMtRC2o8jPQBYHCgA",
    "sync": false,
    "_synced": {
      "default": false,
      "serializable": false
    }
  },
  {
    "__type__": "cc.SkeletalAnimationComponent",
    "_name": "",
    "_objFlags": 0,
    "node": {
      "__id__": 1
    },
    "_enabled": true,
    "playOnLoad": true,
    "_clips": [
      {
        "__uuid__": "b209130e-7463-48f9-a92b-31c81cc811ce@7f3dc"
      }
    ],
    "_defaultClip": null,
    "_useBakedAnimation": true,
    "_sockets": [],
    "_id": ""
  },
  {
    "__type__": "cc.PrefabInfo",
    "root": {
      "__id__": 1
    },
    "asset": {
      "__id__": 0
    },
    "fileId": "bdirBkTz9KjIPNZvO/08dG",
    "sync": false,
    "_synced": {
      "default": false,
      "serializable": false
    }
  }
]