[
  {
    "__type__": "cc.Prefab",
    "_name": "",
    "_objFlags": 0,
    "_native": "",
    "data": {
      "__id__": 1
    },
    "optimizationPolicy": 0,
    "asyncLoadAssets": false
  },
  {
    "__type__": "cc.Node",
    "_name": "taxi03",
    "_objFlags": 0,
    "_parent": null,
    "_children": [
      {
        "__id__": 2
      }
    ],
    "_active": true,
    "_components": [],
    "_prefab": {
      "__id__": 28
    },
    "_lpos": {
      "__type__": "cc.Vec3",
      "x": 0,
      "y": 0,
      "z": 0
    },
    "_lrot": {
      "__type__": "cc.Quat",
      "x": 0,
      "y": 0,
      "z": 0,
      "w": 1
    },
    "_lscale": {
      "__type__": "cc.Vec3",
      "x": 1,
      "y": 1,
      "z": 1
    },
    "_layer": 1073741824,
    "_euler": {
      "__type__": "cc.Vec3",
      "x": 0,
      "y": 0,
      "z": 0
    },
    "_id": ""
  },
  {
    "__type__": "cc.Node",
    "_name": "RootNode",
    "_objFlags": 0,
    "_parent": {
      "__id__": 1
    },
    "_children": [
      {
        "__id__": 3
      },
      {
        "__id__": 7
      },
      {
        "__id__": 11
      },
      {
        "__id__": 15
      },
      {
        "__id__": 19
      },
      {
        "__id__": 23
      }
    ],
    "_active": true,
    "_components": [],
    "_prefab": {
      "__id__": 27
    },
    "_lpos": {
      "__type__": "cc.Vec3",
      "x": 0,
      "y": 0,
      "z": 0
    },
    "_lrot": {
      "__type__": "cc.Quat",
      "x": 0,
      "y": 0,
      "z": 0,
      "w": 1
    },
    "_lscale": {
      "__type__": "cc.Vec3",
      "x": 1,
      "y": 1,
      "z": 1
    },
    "_layer": 1073741824,
    "_euler": {
      "__type__": "cc.Vec3",
      "x": 0,
      "y": 0,
      "z": 0
    },
    "_id": ""
  },
  {
    "__type__": "cc.Node",
    "_name": "taxi03",
    "_objFlags": 0,
    "_parent": {
      "__id__": 2
    },
    "_children": [],
    "_active": true,
    "_components": [
      {
        "__id__": 4
      }
    ],
    "_prefab": {
      "__id__": 6
    },
    "_lpos": {
      "__type__": "cc.Vec3",
      "x": 0.00915951654314995,
      "y": 2.46519027371436e-34,
      "z": -0.0337550267577171
    },
    "_lrot": {
      "__type__": "cc.Quat",
      "x": 5.3385076829104055e-8,
      "y": 0.7071067811865455,
      "z": 0.7071067811865455,
      "w": -5.3385076829104055e-8
    },
    "_lscale": {
      "__type__": "cc.Vec3",
      "x": 61.8082542419434,
      "y": 53.7873191833496,
      "z": 53.7873191833496
    },
    "_layer": 1073741824,
    "_euler": {
      "__type__": "cc.Vec3",
      "x": -89.99999999999999,
      "y": -179.99999134857796,
      "z": 0
    },
    "_id": ""
  },
  {
    "__type__": "cc.ModelComponent",
    "_name": "",
    "_objFlags": 0,
    "node": {
      "__id__": 3
    },
    "_enabled": true,
    "_materials": [
      {
        "__uuid__": "25ba07bc-3a7f-4fd1-951b-8eac73eab270@cd839"
      }
    ],
    "_visFlags": 0,
    "lightmapSettings": {
      "__id__": 5
    },
    "_mesh": {
      "__uuid__": "25ba07bc-3a7f-4fd1-951b-8eac73eab270@f14ee"
    },
    "_shadowCastingMode": 0,
    "_enableMorph": true,
    "_id": ""
  },
  {
    "__type__": "cc.ModelLightmapSettings",
    "texture": null,
    "uvParam": {
      "__type__": "cc.Vec4",
      "x": 0,
      "y": 0,
      "z": 0,
      "w": 0
    },
    "_bakeable": false,
    "_castShadow": false,
    "_recieveShadow": false,
    "_lightmapSize": 64
  },
  {
    "__type__": "cc.PrefabInfo",
    "root": {
      "__id__": 1
    },
    "asset": {
      "__id__": 0
    },
    "fileId": "3aG9uNQxlBn7Q5cogPvK7Q",
    "sync": false,
    "_synced": {
      "default": false,
      "serializable": false
    }
  },
  {
    "__type__": "cc.Node",
    "_name": "light1",
    "_objFlags": 0,
    "_parent": {
      "__id__": 2
    },
    "_children": [],
    "_active": true,
    "_components": [
      {
        "__id__": 8
      }
    ],
    "_prefab": {
      "__id__": 10
    },
    "_lpos": {
      "__type__": "cc.Vec3",
      "x": 0.00915959384292364,
      "y": 0.190721854567528,
      "z": 0.47151517868042
    },
    "_lrot": {
      "__type__": "cc.Quat",
      "x": 5.3385076829104055e-8,
      "y": 0.7071067811865455,
      "z": 0.7071067811865455,
      "w": -5.3385076829104055e-8
    },
    "_lscale": {
      "__type__": "cc.Vec3",
      "x": 61.8082542419434,
      "y": 53.7873191833496,
      "z": 53.7873191833496
    },
    "_layer": 1073741824,
    "_euler": {
      "__type__": "cc.Vec3",
      "x": -89.99999999999999,
      "y": -179.99999134857796,
      "z": 0
    },
    "_id": ""
  },
  {
    "__type__": "cc.ModelComponent",
    "_name": "",
    "_objFlags": 0,
    "node": {
      "__id__": 7
    },
    "_enabled": true,
    "_materials": [
      {
        "__uuid__": "25ba07bc-3a7f-4fd1-951b-8eac73eab270@cd839"
      }
    ],
    "_visFlags": 0,
    "lightmapSettings": {
      "__id__": 9
    },
    "_mesh": {
      "__uuid__": "25ba07bc-3a7f-4fd1-951b-8eac73eab270@14b6a"
    },
    "_shadowCastingMode": 0,
    "_enableMorph": true,
    "_id": ""
  },
  {
    "__type__": "cc.ModelLightmapSettings",
    "texture": null,
    "uvParam": {
      "__type__": "cc.Vec4",
      "x": 0,
      "y": 0,
      "z": 0,
      "w": 0
    },
    "_bakeable": false,
    "_castShadow": false,
    "_recieveShadow": false,
    "_lightmapSize": 64
  },
  {
    "__type__": "cc.PrefabInfo",
    "root": {
      "__id__": 1
    },
    "asset": {
      "__id__": 0
    },
    "fileId": "971Wf71StPyYnui//x8uFL",
    "sync": false,
    "_synced": {
      "default": false,
      "serializable": false
    }
  },
  {
    "__type__": "cc.Node",
    "_name": "tyre1",
    "_objFlags": 0,
    "_parent": {
      "__id__": 2
    },
    "_children": [],
    "_active": true,
    "_components": [
      {
        "__id__": 12
      }
    ],
    "_prefab": {
      "__id__": 14
    },
    "_lpos": {
      "__type__": "cc.Vec3",
      "x": -0.215132683515549,
      "y": 0.09738489985466,
      "z": 0.215250968933105
    },
    "_lrot": {
      "__type__": "cc.Quat",
      "x": 5.3385076829104055e-8,
      "y": 0.7071067811865455,
      "z": 0.7071067811865455,
      "w": -5.3385076829104055e-8
    },
    "_lscale": {
      "__type__": "cc.Vec3",
      "x": 61.8082542419434,
      "y": 53.7873191833496,
      "z": 53.7873191833496
    },
    "_layer": 1073741824,
    "_euler": {
      "__type__": "cc.Vec3",
      "x": -89.99999999999999,
      "y": -179.99999134857796,
      "z": 0
    },
    "_id": ""
  },
  {
    "__type__": "cc.ModelComponent",
    "_name": "",
    "_objFlags": 0,
    "node": {
      "__id__": 11
    },
    "_enabled": true,
    "_materials": [
      {
        "__uuid__": "25ba07bc-3a7f-4fd1-951b-8eac73eab270@cd839"
      }
    ],
    "_visFlags": 0,
    "lightmapSettings": {
      "__id__": 13
    },
    "_mesh": {
      "__uuid__": "25ba07bc-3a7f-4fd1-951b-8eac73eab270@8c383"
    },
    "_shadowCastingMode": 0,
    "_enableMorph": true,
    "_id": ""
  },
  {
    "__type__": "cc.ModelLightmapSettings",
    "texture": null,
    "uvParam": {
      "__type__": "cc.Vec4",
      "x": 0,
      "y": 0,
      "z": 0,
      "w": 0
    },
    "_bakeable": false,
    "_castShadow": false,
    "_recieveShadow": false,
    "_lightmapSize": 64
  },
  {
    "__type__": "cc.PrefabInfo",
    "root": {
      "__id__": 1
    },
    "asset": {
      "__id__": 0
    },
    "fileId": "acw3n1QatDNIqKcjgOtU4f",
    "sync": false,
    "_synced": {
      "default": false,
      "serializable": false
    }
  },
  {
    "__type__": "cc.Node",
    "_name": "tyre2",
    "_objFlags": 0,
    "_parent": {
      "__id__": 2
    },
    "_children": [],
    "_active": true,
    "_components": [
      {
        "__id__": 16
      }
    ],
    "_prefab": {
      "__id__": 18
    },
    "_lpos": {
      "__type__": "cc.Vec3",
      "x": 0.233451783657074,
      "y": 0.09738489985466,
      "z": 0.215250909328461
    },
    "_lrot": {
      "__type__": "cc.Quat",
      "x": 5.3385076829104055e-8,
      "y": 0.7071067811865455,
      "z": 0.7071067811865455,
      "w": -5.3385076829104055e-8
    },
    "_lscale": {
      "__type__": "cc.Vec3",
      "x": 61.8082542419434,
      "y": 53.7873191833496,
      "z": 53.7873191833496
    },
    "_layer": 1073741824,
    "_euler": {
      "__type__": "cc.Vec3",
      "x": -89.99999999999999,
      "y": -179.99999134857796,
      "z": 0
    },
    "_id": ""
  },
  {
    "__type__": "cc.ModelComponent",
    "_name": "",
    "_objFlags": 0,
    "node": {
      "__id__": 15
    },
    "_enabled": true,
    "_materials": [
      {
        "__uuid__": "25ba07bc-3a7f-4fd1-951b-8eac73eab270@cd839"
      }
    ],
    "_visFlags": 0,
    "lightmapSettings": {
      "__id__": 17
    },
    "_mesh": {
      "__uuid__": "25ba07bc-3a7f-4fd1-951b-8eac73eab270@4166c"
    },
    "_shadowCastingMode": 0,
    "_enableMorph": true,
    "_id": ""
  },
  {
    "__type__": "cc.ModelLightmapSettings",
    "texture": null,
    "uvParam": {
      "__type__": "cc.Vec4",
      "x": 0,
      "y": 0,
      "z": 0,
      "w": 0
    },
    "_bakeable": false,
    "_castShadow": false,
    "_recieveShadow": false,
    "_lightmapSize": 64
  },
  {
    "__type__": "cc.PrefabInfo",
    "root": {
      "__id__": 1
    },
    "asset": {
      "__id__": 0
    },
    "fileId": "c9qwlfx71MvbcbxqlznJ8v",
    "sync": false,
    "_synced": {
      "default": false,
      "serializable": false
    }
  },
  {
    "__type__": "cc.Node",
    "_name": "tyre3",
    "_objFlags": 0,
    "_parent": {
      "__id__": 2
    },
    "_children": [],
    "_active": true,
    "_components": [
      {
        "__id__": 20
      }
    ],
    "_prefab": {
      "__id__": 22
    },
    "_lpos": {
      "__type__": "cc.Vec3",
      "x": -0.215132847428322,
      "y": 0.0973849147558212,
      "z": -0.274055600166321
    },
    "_lrot": {
      "__type__": "cc.Quat",
      "x": 5.3385076829104055e-8,
      "y": 0.7071067811865455,
      "z": 0.7071067811865455,
      "w": -5.3385076829104055e-8
    },
    "_lscale": {
      "__type__": "cc.Vec3",
      "x": 61.8082542419434,
      "y": 53.7873191833496,
      "z": 53.7873191833496
    },
    "_layer": 1073741824,
    "_euler": {
      "__type__": "cc.Vec3",
      "x": -89.99999999999999,
      "y": -179.99999134857796,
      "z": 0
    },
    "_id": ""
  },
  {
    "__type__": "cc.ModelComponent",
    "_name": "",
    "_objFlags": 0,
    "node": {
      "__id__": 19
    },
    "_enabled": true,
    "_materials": [
      {
        "__uuid__": "25ba07bc-3a7f-4fd1-951b-8eac73eab270@cd839"
      }
    ],
    "_visFlags": 0,
    "lightmapSettings": {
      "__id__": 21
    },
    "_mesh": {
      "__uuid__": "25ba07bc-3a7f-4fd1-951b-8eac73eab270@6726b"
    },
    "_shadowCastingMode": 0,
    "_enableMorph": true,
    "_id": ""
  },
  {
    "__type__": "cc.ModelLightmapSettings",
    "texture": null,
    "uvParam": {
      "__type__": "cc.Vec4",
      "x": 0,
      "y": 0,
      "z": 0,
      "w": 0
    },
    "_bakeable": false,
    "_castShadow": false,
    "_recieveShadow": false,
    "_lightmapSize": 64
  },
  {
    "__type__": "cc.PrefabInfo",
    "root": {
      "__id__": 1
    },
    "asset": {
      "__id__": 0
    },
    "fileId": "7aUam2gqxAk6PId7nmCIB+",
    "sync": false,
    "_synced": {
      "default": false,
      "serializable": false
    }
  },
  {
    "__type__": "cc.Node",
    "_name": "tyre4",
    "_objFlags": 0,
    "_parent": {
      "__id__": 2
    },
    "_children": [],
    "_active": true,
    "_components": [
      {
        "__id__": 24
      }
    ],
    "_prefab": {
      "__id__": 26
    },
    "_lpos": {
      "__type__": "cc.Vec3",
      "x": 0.233451783657074,
      "y": 0.0973849147558212,
      "z": -0.274055659770966
    },
    "_lrot": {
      "__type__": "cc.Quat",
      "x": 5.3385076829104055e-8,
      "y": 0.7071067811865455,
      "z": 0.7071067811865455,
      "w": -5.3385076829104055e-8
    },
    "_lscale": {
      "__type__": "cc.Vec3",
      "x": 61.8082542419434,
      "y": 53.7873191833496,
      "z": 53.7873191833496
    },
    "_layer": 1073741824,
    "_euler": {
      "__type__": "cc.Vec3",
      "x": -89.99999999999999,
      "y": -179.99999134857796,
      "z": 0
    },
    "_id": ""
  },
  {
    "__type__": "cc.ModelComponent",
    "_name": "",
    "_objFlags": 0,
    "node": {
      "__id__": 23
    },
    "_enabled": true,
    "_materials": [
      {
        "__uuid__": "25ba07bc-3a7f-4fd1-951b-8eac73eab270@cd839"
      }
    ],
    "_visFlags": 0,
    "lightmapSettings": {
      "__id__": 25
    },
    "_mesh": {
      "__uuid__": "25ba07bc-3a7f-4fd1-951b-8eac73eab270@801a3"
    },
    "_shadowCastingMode": 0,
    "_enableMorph": true,
    "_id": ""
  },
  {
    "__type__": "cc.ModelLightmapSettings",
    "texture": null,
    "uvParam": {
      "__type__": "cc.Vec4",
      "x": 0,
      "y": 0,
      "z": 0,
      "w": 0
    },
    "_bakeable": false,
    "_castShadow": false,
    "_recieveShadow": false,
    "_lightmapSize": 64
  },
  {
    "__type__": "cc.PrefabInfo",
    "root": {
      "__id__": 1
    },
    "asset": {
      "__id__": 0
    },
    "fileId": "48lo6hu2VKCqY6t6/yDn6D",
    "sync": false,
    "_synced": {
      "default": false,
      "serializable": false
    }
  },
  {
    "__type__": "cc.PrefabInfo",
    "root": {
      "__id__": 1
    },
    "asset": {
      "__id__": 0
    },
    "fileId": "29W4/9eN1EJ6pDh19RFJNB",
    "sync": false,
    "_synced": {
      "default": false,
      "serializable": false
    }
  },
  {
    "__type__": "cc.PrefabInfo",
    "root": {
      "__id__": 1
    },
    "asset": {
      "__id__": 0
    },
    "fileId": "50/HDSMuFOG7nLGf5SUUzJ",
    "sync": false,
    "_synced": {
      "default": false,
      "serializable": false
    }
  }
]