{
  "__type__": "cc.Mesh",
  "_name": "",
  "_objFlags": 0,
  "_native": ".bin",
  "_struct": {
    "primitives": [
      {
        "primitiveMode": 7,
        "vertexBundelIndices": [
          0
        ],
        "indexView": {
          "offset": 98256,
          "length": 9612,
          "count": 4806,
          "stride": 2
        }
      }
    ],
    "vertexBundles": [
      {
        "view": {
          "offset": 0,
          "length": 98256,
          "count": 2047,
          "stride": 48
        },
        "attributes": [
          {
            "name": "a_position",
            "format": 32,
            "isNormalized": false
          },
          {
            "name": "a_normal",
            "format": 32,
            "isNormalized": false
          },
          {
            "name": "a_texCoord",
            "format": 21,
            "isNormalized": false
          },
          {
            "name": "a_tangent",
            "format": 43,
            "isNormalized": false
          }
        ]
      }
    ],
    "minPosition": {
      "__type__": "cc.Vec3",
      "x": -0.004820297937840223,
      "y": -0.009761273860931396,
      "z": 0.001296043861657381
    },
    "maxPosition": {
      "__type__": "cc.Vec3",
      "x": 0.004820297937840223,
      "y": 0.009761274792253971,
      "z": 0.009968132711946964
    },
    "morph": {
      "subMeshMorphs": [
        null
      ]
    }
  },
  "_dataLength": 107868,
  "_hash": 2000961053
}