[
  {
    "__type__": "cc.Prefab",
    "_name": "",
    "_objFlags": 0,
    "_native": "",
    "data": {
      "__id__": 1
    },
    "optimizationPolicy": 0,
    "asyncLoadAssets": false
  },
  {
    "__type__": "cc.Node",
    "_name": "taxi04",
    "_objFlags": 0,
    "_parent": null,
    "_children": [
      {
        "__id__": 2
      }
    ],
    "_active": true,
    "_components": [],
    "_prefab": {
      "__id__": 28
    },
    "_lpos": {
      "__type__": "cc.Vec3",
      "x": 0,
      "y": 0,
      "z": 0
    },
    "_lrot": {
      "__type__": "cc.Quat",
      "x": 0,
      "y": 0,
      "z": 0,
      "w": 1
    },
    "_lscale": {
      "__type__": "cc.Vec3",
      "x": 1,
      "y": 1,
      "z": 1
    },
    "_layer": 1073741824,
    "_euler": {
      "__type__": "cc.Vec3",
      "x": 0,
      "y": 0,
      "z": 0
    },
    "_id": ""
  },
  {
    "__type__": "cc.Node",
    "_name": "RootNode",
    "_objFlags": 0,
    "_parent": {
      "__id__": 1
    },
    "_children": [
      {
        "__id__": 3
      },
      {
        "__id__": 7
      },
      {
        "__id__": 11
      },
      {
        "__id__": 15
      },
      {
        "__id__": 19
      },
      {
        "__id__": 23
      }
    ],
    "_active": true,
    "_components": [],
    "_prefab": {
      "__id__": 27
    },
    "_lpos": {
      "__type__": "cc.Vec3",
      "x": 0,
      "y": 0,
      "z": 0
    },
    "_lrot": {
      "__type__": "cc.Quat",
      "x": 0,
      "y": 0,
      "z": 0,
      "w": 1
    },
    "_lscale": {
      "__type__": "cc.Vec3",
      "x": 1,
      "y": 1,
      "z": 1
    },
    "_layer": 1073741824,
    "_euler": {
      "__type__": "cc.Vec3",
      "x": 0,
      "y": 0,
      "z": 0
    },
    "_id": ""
  },
  {
    "__type__": "cc.Node",
    "_name": "taxi04",
    "_objFlags": 0,
    "_parent": {
      "__id__": 2
    },
    "_children": [],
    "_active": true,
    "_components": [
      {
        "__id__": 4
      }
    ],
    "_prefab": {
      "__id__": 6
    },
    "_lpos": {
      "__type__": "cc.Vec3",
      "x": 0,
      "y": 0,
      "z": 0
    },
    "_lrot": {
      "__type__": "cc.Quat",
      "x": 0.7071068109888485,
      "y": 1.685873869381443e-7,
      "z": -1.6858740114899796e-7,
      "w": 0.707106751384205
    },
    "_lscale": {
      "__type__": "cc.Vec3",
      "x": -0.868488788604736,
      "y": -0.868488788604736,
      "z": -0.868488788604736
    },
    "_layer": 1073741824,
    "_euler": {
      "__type__": "cc.Vec3",
      "x": 90.00000482967299,
      "y": 0.00002732075668005048,
      "z": 6.218087288856706e-20
    },
    "_id": ""
  },
  {
    "__type__": "cc.ModelComponent",
    "_name": "",
    "_objFlags": 0,
    "node": {
      "__id__": 3
    },
    "_enabled": true,
    "_materials": [
      {
        "__uuid__": "74d1dfa2-c06f-4ee1-8492-cc09a67c3746@5227b"
      }
    ],
    "_visFlags": 0,
    "lightmapSettings": {
      "__id__": 5
    },
    "_mesh": {
      "__uuid__": "74d1dfa2-c06f-4ee1-8492-cc09a67c3746@8cc00"
    },
    "_shadowCastingMode": 0,
    "_enableMorph": true,
    "_id": ""
  },
  {
    "__type__": "cc.ModelLightmapSettings",
    "texture": null,
    "uvParam": {
      "__type__": "cc.Vec4",
      "x": 0,
      "y": 0,
      "z": 0,
      "w": 0
    },
    "_bakeable": false,
    "_castShadow": false,
    "_recieveShadow": false,
    "_lightmapSize": 64
  },
  {
    "__type__": "cc.PrefabInfo",
    "root": {
      "__id__": 1
    },
    "asset": {
      "__id__": 0
    },
    "fileId": "7399BovpVIW7IS/QV0MxLT",
    "sync": false,
    "_synced": {
      "default": false,
      "serializable": false
    }
  },
  {
    "__type__": "cc.Node",
    "_name": "light1",
    "_objFlags": 0,
    "_parent": {
      "__id__": 2
    },
    "_children": [],
    "_active": true,
    "_components": [
      {
        "__id__": 8
      }
    ],
    "_prefab": {
      "__id__": 10
    },
    "_lpos": {
      "__type__": "cc.Vec3",
      "x": -0.00360772549174726,
      "y": 0.276687800884247,
      "z": 0.589032649993896
    },
    "_lrot": {
      "__type__": "cc.Quat",
      "x": 1.5454316550417615e-8,
      "y": -0.7071065129656017,
      "z": 1.5454304115920024e-8,
      "w": 0.7071070494073912
    },
    "_lscale": {
      "__type__": "cc.Vec3",
      "x": 0.868488788604736,
      "y": 0.868488788604736,
      "z": 0.868488788604736
    },
    "_layer": 1073741824,
    "_euler": {
      "__type__": "cc.Vec3",
      "x": 0.000002504478194623507,
      "y": -89.99995653294337,
      "z": -5.754555194597917e-14
    },
    "_id": ""
  },
  {
    "__type__": "cc.ModelComponent",
    "_name": "",
    "_objFlags": 0,
    "node": {
      "__id__": 7
    },
    "_enabled": true,
    "_materials": [
      {
        "__uuid__": "74d1dfa2-c06f-4ee1-8492-cc09a67c3746@793ac"
      }
    ],
    "_visFlags": 0,
    "lightmapSettings": {
      "__id__": 9
    },
    "_mesh": {
      "__uuid__": "74d1dfa2-c06f-4ee1-8492-cc09a67c3746@14b6a"
    },
    "_shadowCastingMode": 0,
    "_enableMorph": true,
    "_id": ""
  },
  {
    "__type__": "cc.ModelLightmapSettings",
    "texture": null,
    "uvParam": {
      "__type__": "cc.Vec4",
      "x": 0,
      "y": 0,
      "z": 0,
      "w": 0
    },
    "_bakeable": false,
    "_castShadow": false,
    "_recieveShadow": false,
    "_lightmapSize": 64
  },
  {
    "__type__": "cc.PrefabInfo",
    "root": {
      "__id__": 1
    },
    "asset": {
      "__id__": 0
    },
    "fileId": "e7sOTLzk9FCrGAcEWVImPu",
    "sync": false,
    "_synced": {
      "default": false,
      "serializable": false
    }
  },
  {
    "__type__": "cc.Node",
    "_name": "tyre2",
    "_objFlags": 0,
    "_parent": {
      "__id__": 2
    },
    "_children": [],
    "_active": true,
    "_components": [
      {
        "__id__": 12
      }
    ],
    "_prefab": {
      "__id__": 14
    },
    "_lpos": {
      "__type__": "cc.Vec3",
      "x": 0.280642569065094,
      "y": 0.122228115797043,
      "z": 0.343792945146561
    },
    "_lrot": {
      "__type__": "cc.Quat",
      "x": -2.5632977118378153e-14,
      "y": 0.9999999999999474,
      "z": -8.1460342471469e-8,
      "w": -3.1391647326016147e-7
    },
    "_lscale": {
      "__type__": "cc.Vec3",
      "x": 0.868488788604736,
      "y": 0.868488788604736,
      "z": 0.868488788604736
    },
    "_layer": 1073741824,
    "_euler": {
      "__type__": "cc.Vec3",
      "x": 0.0000093346676426114,
      "y": -179.99996402782193,
      "z": -7.016865052635894e-15
    },
    "_id": ""
  },
  {
    "__type__": "cc.ModelComponent",
    "_name": "",
    "_objFlags": 0,
    "node": {
      "__id__": 11
    },
    "_enabled": true,
    "_materials": [
      {
        "__uuid__": "74d1dfa2-c06f-4ee1-8492-cc09a67c3746@5227b"
      }
    ],
    "_visFlags": 0,
    "lightmapSettings": {
      "__id__": 13
    },
    "_mesh": {
      "__uuid__": "74d1dfa2-c06f-4ee1-8492-cc09a67c3746@4166c"
    },
    "_shadowCastingMode": 0,
    "_enableMorph": true,
    "_id": ""
  },
  {
    "__type__": "cc.ModelLightmapSettings",
    "texture": null,
    "uvParam": {
      "__type__": "cc.Vec4",
      "x": 0,
      "y": 0,
      "z": 0,
      "w": 0
    },
    "_bakeable": false,
    "_castShadow": false,
    "_recieveShadow": false,
    "_lightmapSize": 64
  },
  {
    "__type__": "cc.PrefabInfo",
    "root": {
      "__id__": 1
    },
    "asset": {
      "__id__": 0
    },
    "fileId": "42clMV2BRADJ/UoBKbuPoX",
    "sync": false,
    "_synced": {
      "default": false,
      "serializable": false
    }
  },
  {
    "__type__": "cc.Node",
    "_name": "tyre1",
    "_objFlags": 0,
    "_parent": {
      "__id__": 2
    },
    "_children": [],
    "_active": true,
    "_components": [
      {
        "__id__": 16
      }
    ],
    "_prefab": {
      "__id__": 18
    },
    "_lpos": {
      "__type__": "cc.Vec3",
      "x": -0.28011429309845,
      "y": 0.122228063642979,
      "z": 0.342626333236694
    },
    "_lrot": {
      "__type__": "cc.Quat",
      "x": -0.707106781186307,
      "y": 3.1730519910590546e-7,
      "z": -7.612506595473206e-7,
      "w": 0.707106781186307
    },
    "_lscale": {
      "__type__": "cc.Vec3",
      "x": 0.868490159511566,
      "y": 0.868488788604736,
      "z": 0.868487417697906
    },
    "_layer": 1073741824,
    "_euler": {
      "__type__": "cc.Vec3",
      "x": -90.00000000002743,
      "y": -0.00003597222073676764,
      "z": -0.00008739372936891448
    },
    "_id": ""
  },
  {
    "__type__": "cc.ModelComponent",
    "_name": "",
    "_objFlags": 0,
    "node": {
      "__id__": 15
    },
    "_enabled": true,
    "_materials": [
      {
        "__uuid__": "74d1dfa2-c06f-4ee1-8492-cc09a67c3746@5227b"
      }
    ],
    "_visFlags": 0,
    "lightmapSettings": {
      "__id__": 17
    },
    "_mesh": {
      "__uuid__": "74d1dfa2-c06f-4ee1-8492-cc09a67c3746@8c383"
    },
    "_shadowCastingMode": 0,
    "_enableMorph": true,
    "_id": ""
  },
  {
    "__type__": "cc.ModelLightmapSettings",
    "texture": null,
    "uvParam": {
      "__type__": "cc.Vec4",
      "x": 0,
      "y": 0,
      "z": 0,
      "w": 0
    },
    "_bakeable": false,
    "_castShadow": false,
    "_recieveShadow": false,
    "_lightmapSize": 64
  },
  {
    "__type__": "cc.PrefabInfo",
    "root": {
      "__id__": 1
    },
    "asset": {
      "__id__": 0
    },
    "fileId": "24T54fwg5DbZGYjjNuYqR5",
    "sync": false,
    "_synced": {
      "default": false,
      "serializable": false
    }
  },
  {
    "__type__": "cc.Node",
    "_name": "tyre3",
    "_objFlags": 0,
    "_parent": {
      "__id__": 2
    },
    "_children": [],
    "_active": true,
    "_components": [
      {
        "__id__": 20
      }
    ],
    "_prefab": {
      "__id__": 22
    },
    "_lpos": {
      "__type__": "cc.Vec3",
      "x": -0.268678665161133,
      "y": 0.122228048741817,
      "z": -0.363040685653687
    },
    "_lrot": {
      "__type__": "cc.Quat",
      "x": -0.707106721581838,
      "y": 2.9502797865608307e-7,
      "z": 2.950279218126631e-7,
      "w": 0.7071068407911291
    },
    "_lscale": {
      "__type__": "cc.Vec3",
      "x": 0.868488788604736,
      "y": 0.868488788604736,
      "z": 0.868488788604736
    },
    "_layer": 1073741824,
    "_euler": {
      "__type__": "cc.Vec3",
      "x": -89.99999034065372,
      "y": 0.00004781132591731232,
      "z": -5.75741789582324e-13
    },
    "_id": ""
  },
  {
    "__type__": "cc.ModelComponent",
    "_name": "",
    "_objFlags": 0,
    "node": {
      "__id__": 19
    },
    "_enabled": true,
    "_materials": [
      {
        "__uuid__": "74d1dfa2-c06f-4ee1-8492-cc09a67c3746@5227b"
      }
    ],
    "_visFlags": 0,
    "lightmapSettings": {
      "__id__": 21
    },
    "_mesh": {
      "__uuid__": "74d1dfa2-c06f-4ee1-8492-cc09a67c3746@6726b"
    },
    "_shadowCastingMode": 0,
    "_enableMorph": true,
    "_id": ""
  },
  {
    "__type__": "cc.ModelLightmapSettings",
    "texture": null,
    "uvParam": {
      "__type__": "cc.Vec4",
      "x": 0,
      "y": 0,
      "z": 0,
      "w": 0
    },
    "_bakeable": false,
    "_castShadow": false,
    "_recieveShadow": false,
    "_lightmapSize": 64
  },
  {
    "__type__": "cc.PrefabInfo",
    "root": {
      "__id__": 1
    },
    "asset": {
      "__id__": 0
    },
    "fileId": "aa64xiyC1GppHLZ5MdNZtK",
    "sync": false,
    "_synced": {
      "default": false,
      "serializable": false
    }
  },
  {
    "__type__": "cc.Node",
    "_name": "tyre4",
    "_objFlags": 0,
    "_parent": {
      "__id__": 2
    },
    "_children": [],
    "_active": true,
    "_components": [
      {
        "__id__": 24
      }
    ],
    "_prefab": {
      "__id__": 26
    },
    "_lpos": {
      "__type__": "cc.Vec3",
      "x": 0.264878839254379,
      "y": 0.122228115797043,
      "z": -0.361930459737778
    },
    "_lrot": {
      "__type__": "cc.Quat",
      "x": -2.5632977118378153e-14,
      "y": 0.9999999999999474,
      "z": -8.1460342471469e-8,
      "w": -3.1391647326016147e-7
    },
    "_lscale": {
      "__type__": "cc.Vec3",
      "x": 0.868488788604736,
      "y": 0.868488788604736,
      "z": 0.868488788604736
    },
    "_layer": 1073741824,
    "_euler": {
      "__type__": "cc.Vec3",
      "x": 0.0000093346676426114,
      "y": -179.99996402782193,
      "z": -7.016865052635894e-15
    },
    "_id": ""
  },
  {
    "__type__": "cc.ModelComponent",
    "_name": "",
    "_objFlags": 0,
    "node": {
      "__id__": 23
    },
    "_enabled": true,
    "_materials": [
      {
        "__uuid__": "74d1dfa2-c06f-4ee1-8492-cc09a67c3746@5227b"
      }
    ],
    "_visFlags": 0,
    "lightmapSettings": {
      "__id__": 25
    },
    "_mesh": {
      "__uuid__": "74d1dfa2-c06f-4ee1-8492-cc09a67c3746@801a3"
    },
    "_shadowCastingMode": 0,
    "_enableMorph": true,
    "_id": ""
  },
  {
    "__type__": "cc.ModelLightmapSettings",
    "texture": null,
    "uvParam": {
      "__type__": "cc.Vec4",
      "x": 0,
      "y": 0,
      "z": 0,
      "w": 0
    },
    "_bakeable": false,
    "_castShadow": false,
    "_recieveShadow": false,
    "_lightmapSize": 64
  },
  {
    "__type__": "cc.PrefabInfo",
    "root": {
      "__id__": 1
    },
    "asset": {
      "__id__": 0
    },
    "fileId": "0bIcC97YhFC513MlwjIJkP",
    "sync": false,
    "_synced": {
      "default": false,
      "serializable": false
    }
  },
  {
    "__type__": "cc.PrefabInfo",
    "root": {
      "__id__": 1
    },
    "asset": {
      "__id__": 0
    },
    "fileId": "1dH6mYnYhA0pKAjBIiRAjH",
    "sync": false,
    "_synced": {
      "default": false,
      "serializable": false
    }
  },
  {
    "__type__": "cc.PrefabInfo",
    "root": {
      "__id__": 1
    },
    "asset": {
      "__id__": 0
    },
    "fileId": "ecV3RO5nFDv7bnf6PPM0Nm",
    "sync": false,
    "_synced": {
      "default": false,
      "serializable": false
    }
  }
]