[
  {
    "__type__": "cc.AnimationClip",
    "_name": "loadingcar",
    "_objFlags": 0,
    "_native": "",
    "sample": 60,
    "speed": 1,
    "wrapMode": 1,
    "events": [],
    "_duration": 1.0166666666666666,
    "_keys": [
      [
        0,
        0.4166666666666667,
        0.6666666666666666
      ],
      [
        0.6666666666666666,
        1.0166666666666666
      ],
      [
        0.6666666666666666,
        1.0166666666666666
      ]
    ],
    "_stepness": 0,
    "_curves": [
      {
        "modifiers": [
          "position"
        ],
        "data": {
          "keys": 0,
          "values": [
            {
              "__type__": "cc.Vec3",
              "x": 0,
              "y": 46.533,
              "z": 0
            },
            {
              "__type__": "cc.Vec3",
              "x": 0,
              "y": -14.463,
              "z": 0
            },
            {
              "__type__": "cc.Vec3",
              "x": 0,
              "y": 0,
              "z": 0
            }
          ],
          "easingMethods": {
            "0": [
              0.05,
              0.86,
              0.39,
              1.17
            ],
            "1": [
              0.72,
              0.13,
              0.49,
              0.93
            ]
          }
        }
      },
      {
        "modifiers": [
          {
            "__id__": 1
          },
          "eulerAngles"
        ],
        "data": {
          "keys": 1,
          "values": [
            {
              "__type__": "cc.Vec3",
              "x": 0,
              "y": 0,
              "z": 0
            },
            {
              "__type__": "cc.Vec3",
              "x": 0,
              "y": 0,
              "z": -360
            }
          ],
          "easingMethods": {}
        }
      },
      {
        "modifiers": [
          {
            "__id__": 2
          },
          "eulerAngles"
        ],
        "data": {
          "keys": 2,
          "values": [
            {
              "__type__": "cc.Vec3",
              "x": 0,
              "y": 0,
              "z": 0
            },
            {
              "__type__": "cc.Vec3",
              "x": 0,
              "y": 0,
              "z": -360
            }
          ],
          "easingMethods": {}
        }
      }
    ],
    "_commonTargets": [],
    "_hash": 303049440
  },
  {
    "__type__": "cc.animation.HierarchyPath",
    "path": "loadingCar01/front"
  },
  {
    "__type__": "cc.animation.HierarchyPath",
    "path": "loadingCar01/back"
  }
]