{
  "__type__": "cc.EffectAsset",
  "_name": "builtin-terrain",
  "_objFlags": 0,
  "_native": "",
  "techniques": [
    {
      "name": "opaque",
      "passes": [
        {
          "program": "builtin-terrain|terrain-vs:vert|terrain-fs:frag",
          "properties": {
            "UVScale": {
              "value": [
                1,
                1,
                1,
                1
              ],
              "type": 16
            },
            "lightMapUVParam": {
              "value": [
                0,
                0,
                0,
                0
              ],
              "type": 16
            },
            "weightMap": {
              "value": "black",
              "type": 28
            },
            "detailMap0": {
              "value": "grey",
              "type": 28
            },
            "detailMap1": {
              "value": "grey",
              "type": 28
            },
            "detailMap2": {
              "value": "grey",
              "type": 28
            },
            "detailMap3": {
              "value": "grey",
              "type": 28
            },
            "lightMap": {
              "value": "grey",
              "type": 28
            }
          }
        }
      ]
    }
  ],
  "shaders": [
    {
      "hash": 29493851,
      "glsl4": {
        "vert": "\n  precision mediump float;\nlayout(binding = 23) uniform CCGlobal {\n  highp   vec4 cc_time;\n  mediump vec4 cc_screenSize;\n  mediump vec4 cc_screenScale;\n  mediump vec4 cc_nativeSize;\n  highp   mat4 cc_matView;\n  highp   mat4 cc_matViewInv;\n  highp   mat4 cc_matProj;\n  highp   mat4 cc_matProjInv;\n  highp   mat4 cc_matViewProj;\n  highp   mat4 cc_matViewProjInv;\n  highp   vec4 cc_cameraPos;\n  mediump vec4 cc_exposure;\n  mediump vec4 cc_mainLitDir;\n  mediump vec4 cc_mainLitColor;\n  mediump vec4 cc_ambientSky;\n  mediump vec4 cc_ambientGround;\n};\nlayout(binding = 21) uniform CCLocal {\n  highp mat4 cc_matWorld;\n  highp mat4 cc_matWorldIT;\n};\n  layout(location = 0) in vec3 a_position;\n  layout(location = 1) in vec3 a_normal;\n  layout(location = 2) in vec2 a_texCoord;\n  layout(location = 0) out vec2 uvw;\n  layout(location = 1) out vec2 uv0;\n  layout(location = 2) out vec2 uv1;\n  layout(location = 3) out vec2 uv2;\n  layout(location = 4) out vec2 uv3;\n  layout(location = 5) out vec2 luv;\n  layout(location = 6) out vec3 diffuse;\n  layout(binding = 0) uniform TexCoords {\n    vec4 UVScale;\n    vec4 lightMapUVParam;\n  };\n  vec4 vert () {\n    vec3 worldPos;\n    worldPos.x = cc_matWorld[3][0] + a_position.x;\n    worldPos.y = cc_matWorld[3][1] + a_position.y;\n    worldPos.z = cc_matWorld[3][2] + a_position.z;\n    vec4 pos = vec4(worldPos, 1);\n    pos = cc_matViewProj * pos;\n    uvw = a_texCoord;\n    uv0 = a_position.xz * UVScale.x;\n    uv1 = a_position.xz * UVScale.y;\n    uv2 = a_position.xz * UVScale.z;\n    uv3 = a_position.xz * UVScale.w;\n    float fAmb = dot(a_normal, vec3(0.0, -1.0, 0.0)) * 0.5 + 0.5;\n    vec3 ambDiff = mix(cc_ambientSky.rgb, cc_ambientGround.rgb, fAmb) * cc_ambientSky.w;\n#if LIGHT_MAP == 0\n    vec3 L = normalize(-cc_mainLitDir.xyz);\n    vec3 N = a_normal;\n    diffuse = ambDiff + vec3(dot(N, L)) * cc_mainLitColor.rgb;\n#else\n    diffuse = ambDiff;\n    luv = lightMapUVParam.xy + a_texCoord * lightMapUVParam.zw;\n#endif\n    return pos;\n  }\nvoid main() { gl_Position = vert(); }",
        "frag": "\nprecision mediump float;\nlayout(binding = 23) uniform CCGlobal {\n  highp   vec4 cc_time;\n  mediump vec4 cc_screenSize;\n  mediump vec4 cc_screenScale;\n  mediump vec4 cc_nativeSize;\n  highp   mat4 cc_matView;\n  highp   mat4 cc_matViewInv;\n  highp   mat4 cc_matProj;\n  highp   mat4 cc_matProjInv;\n  highp   mat4 cc_matViewProj;\n  highp   mat4 cc_matViewProjInv;\n  highp   vec4 cc_cameraPos;\n  mediump vec4 cc_exposure;\n  mediump vec4 cc_mainLitDir;\n  mediump vec4 cc_mainLitColor;\n  mediump vec4 cc_ambientSky;\n  mediump vec4 cc_ambientGround;\n};\nvec3 SRGBToLinear (vec3 gamma) {\n  return gamma * gamma;\n}\nvec4 CCFragOutput (vec4 color) {\n  #if CC_USE_HDR\n    color.rgb = mix(color.rgb, SRGBToLinear(color.rgb) * cc_exposure.w, vec3(cc_exposure.z));\n  #endif\n  return color;\n}\n  layout(location = 0) in vec2 uvw;\n  layout(location = 1) in vec2 uv0;\n  layout(location = 2) in vec2 uv1;\n  layout(location = 3) in vec2 uv2;\n  layout(location = 4) in vec2 uv3;\n  layout(location = 6) in vec3 diffuse;\n  layout(location = 5) in vec2 luv;\n  layout(binding = 30) uniform sampler2D weightMap;\n  layout(binding = 31) uniform sampler2D detailMap0;\n  layout(binding = 32) uniform sampler2D detailMap1;\n  layout(binding = 33) uniform sampler2D detailMap2;\n  layout(binding = 34) uniform sampler2D detailMap3;\n  layout(binding = 35) uniform sampler2D lightMap;\nvec4 frag () {\n  vec4 color = vec4(0, 0, 0, 0);\n  #if LAYERS == 1\n    color = texture(detailMap0, uv0);\n  #elif LAYERS == 2\n    vec4 w = texture(weightMap, uvw);\n    color += texture(detailMap0, uv0) * w.r;\n    color += texture(detailMap1, uv1) * w.g;\n  #elif LAYERS == 3\n    vec4 w = texture(weightMap, uvw);\n    color += texture(detailMap0, uv0) * w.r;\n    color += texture(detailMap1, uv1) * w.g;\n    color += texture(detailMap2, uv2) * w.b;\n  #elif LAYERS == 4\n    vec4 w = texture(weightMap, uvw);\n    color += texture(detailMap0, uv0) * w.r;\n    color += texture(detailMap1, uv1) * w.g;\n    color += texture(detailMap2, uv2) * w.b;\n    color += texture(detailMap3, uv3) * w.a;\n  #else\n    color = texture(detailMap0, uv0);\n  #endif\n  vec3 lighting = diffuse;\n  #if LIGHT_MAP == 1\n    lighting += texture(lightMap, luv).rgb;\n  #endif\n  color.rgb *= lighting;\n  return CCFragOutput(color);\n}\nlayout(location = 0) out vec4 cc_FragColor;\nvoid main() { cc_FragColor = frag(); }"
      },
      "glsl3": {
        "vert": "\n  precision mediump float;\nuniform CCGlobal {\n  highp   vec4 cc_time;\n  mediump vec4 cc_screenSize;\n  mediump vec4 cc_screenScale;\n  mediump vec4 cc_nativeSize;\n  highp   mat4 cc_matView;\n  highp   mat4 cc_matViewInv;\n  highp   mat4 cc_matProj;\n  highp   mat4 cc_matProjInv;\n  highp   mat4 cc_matViewProj;\n  highp   mat4 cc_matViewProjInv;\n  highp   vec4 cc_cameraPos;\n  mediump vec4 cc_exposure;\n  mediump vec4 cc_mainLitDir;\n  mediump vec4 cc_mainLitColor;\n  mediump vec4 cc_ambientSky;\n  mediump vec4 cc_ambientGround;\n};\nuniform CCLocal {\n  highp mat4 cc_matWorld;\n  highp mat4 cc_matWorldIT;\n};\n  in vec3 a_position;\n  in vec3 a_normal;\n  in vec2 a_texCoord;\n  out vec2 uvw;\n  out vec2 uv0;\n  out vec2 uv1;\n  out vec2 uv2;\n  out vec2 uv3;\n  out vec2 luv;\n  out vec3 diffuse;\n  uniform TexCoords {\n    vec4 UVScale;\n    vec4 lightMapUVParam;\n  };\n  vec4 vert () {\n    vec3 worldPos;\n    worldPos.x = cc_matWorld[3][0] + a_position.x;\n    worldPos.y = cc_matWorld[3][1] + a_position.y;\n    worldPos.z = cc_matWorld[3][2] + a_position.z;\n    vec4 pos = vec4(worldPos, 1);\n    pos = cc_matViewProj * pos;\n    uvw = a_texCoord;\n    uv0 = a_position.xz * UVScale.x;\n    uv1 = a_position.xz * UVScale.y;\n    uv2 = a_position.xz * UVScale.z;\n    uv3 = a_position.xz * UVScale.w;\n    float fAmb = dot(a_normal, vec3(0.0, -1.0, 0.0)) * 0.5 + 0.5;\n    vec3 ambDiff = mix(cc_ambientSky.rgb, cc_ambientGround.rgb, fAmb) * cc_ambientSky.w;\n#if LIGHT_MAP == 0\n    vec3 L = normalize(-cc_mainLitDir.xyz);\n    vec3 N = a_normal;\n    diffuse = ambDiff + vec3(dot(N, L)) * cc_mainLitColor.rgb;\n#else\n    diffuse = ambDiff;\n    luv = lightMapUVParam.xy + a_texCoord * lightMapUVParam.zw;\n#endif\n    return pos;\n  }\nvoid main() { gl_Position = vert(); }",
        "frag": "\nprecision mediump float;\nuniform CCGlobal {\n  highp   vec4 cc_time;\n  mediump vec4 cc_screenSize;\n  mediump vec4 cc_screenScale;\n  mediump vec4 cc_nativeSize;\n  highp   mat4 cc_matView;\n  highp   mat4 cc_matViewInv;\n  highp   mat4 cc_matProj;\n  highp   mat4 cc_matProjInv;\n  highp   mat4 cc_matViewProj;\n  highp   mat4 cc_matViewProjInv;\n  highp   vec4 cc_cameraPos;\n  mediump vec4 cc_exposure;\n  mediump vec4 cc_mainLitDir;\n  mediump vec4 cc_mainLitColor;\n  mediump vec4 cc_ambientSky;\n  mediump vec4 cc_ambientGround;\n};\nvec3 SRGBToLinear (vec3 gamma) {\n  return gamma * gamma;\n}\nvec4 CCFragOutput (vec4 color) {\n  #if CC_USE_HDR\n    color.rgb = mix(color.rgb, SRGBToLinear(color.rgb) * cc_exposure.w, vec3(cc_exposure.z));\n  #endif\n  return color;\n}\n  in vec2 uvw;\n  in vec2 uv0;\n  in vec2 uv1;\n  in vec2 uv2;\n  in vec2 uv3;\n  in vec3 diffuse;\n  in vec2 luv;\n  uniform sampler2D weightMap;\n  uniform sampler2D detailMap0;\n  uniform sampler2D detailMap1;\n  uniform sampler2D detailMap2;\n  uniform sampler2D detailMap3;\n  uniform sampler2D lightMap;\nvec4 frag () {\n  vec4 color = vec4(0, 0, 0, 0);\n  #if LAYERS == 1\n    color = texture(detailMap0, uv0);\n  #elif LAYERS == 2\n    vec4 w = texture(weightMap, uvw);\n    color += texture(detailMap0, uv0) * w.r;\n    color += texture(detailMap1, uv1) * w.g;\n  #elif LAYERS == 3\n    vec4 w = texture(weightMap, uvw);\n    color += texture(detailMap0, uv0) * w.r;\n    color += texture(detailMap1, uv1) * w.g;\n    color += texture(detailMap2, uv2) * w.b;\n  #elif LAYERS == 4\n    vec4 w = texture(weightMap, uvw);\n    color += texture(detailMap0, uv0) * w.r;\n    color += texture(detailMap1, uv1) * w.g;\n    color += texture(detailMap2, uv2) * w.b;\n    color += texture(detailMap3, uv3) * w.a;\n  #else\n    color = texture(detailMap0, uv0);\n  #endif\n  vec3 lighting = diffuse;\n  #if LIGHT_MAP == 1\n    lighting += texture(lightMap, luv).rgb;\n  #endif\n  color.rgb *= lighting;\n  return CCFragOutput(color);\n}\nout vec4 cc_FragColor;\nvoid main() { cc_FragColor = frag(); }"
      },
      "glsl1": {
        "vert": "\n  precision mediump float;\nuniform highp mat4 cc_matViewProj;\nuniform mediump vec4 cc_mainLitDir;\nuniform mediump vec4 cc_mainLitColor;\nuniform mediump vec4 cc_ambientSky;\nuniform mediump vec4 cc_ambientGround;\nuniform highp mat4 cc_matWorld;\n  attribute vec3 a_position;\n  attribute vec3 a_normal;\n  attribute vec2 a_texCoord;\n  varying vec2 uvw;\n  varying vec2 uv0;\n  varying vec2 uv1;\n  varying vec2 uv2;\n  varying vec2 uv3;\n  varying vec2 luv;\n  varying vec3 diffuse;\n  uniform vec4 UVScale;\nuniform vec4 lightMapUVParam;\n  vec4 vert () {\n    vec3 worldPos;\n    worldPos.x = cc_matWorld[3][0] + a_position.x;\n    worldPos.y = cc_matWorld[3][1] + a_position.y;\n    worldPos.z = cc_matWorld[3][2] + a_position.z;\n    vec4 pos = vec4(worldPos, 1);\n    pos = cc_matViewProj * pos;\n    uvw = a_texCoord;\n    uv0 = a_position.xz * UVScale.x;\n    uv1 = a_position.xz * UVScale.y;\n    uv2 = a_position.xz * UVScale.z;\n    uv3 = a_position.xz * UVScale.w;\n    float fAmb = dot(a_normal, vec3(0.0, -1.0, 0.0)) * 0.5 + 0.5;\n    vec3 ambDiff = mix(cc_ambientSky.rgb, cc_ambientGround.rgb, fAmb) * cc_ambientSky.w;\n#if LIGHT_MAP == 0\n    vec3 L = normalize(-cc_mainLitDir.xyz);\n    vec3 N = a_normal;\n    diffuse = ambDiff + vec3(dot(N, L)) * cc_mainLitColor.rgb;\n#else\n    diffuse = ambDiff;\n    luv = lightMapUVParam.xy + a_texCoord * lightMapUVParam.zw;\n#endif\n    return pos;\n  }\nvoid main() { gl_Position = vert(); }",
        "frag": "\nprecision mediump float;\nuniform mediump vec4 cc_exposure;\nvec3 SRGBToLinear (vec3 gamma) {\n  return gamma * gamma;\n}\nvec4 CCFragOutput (vec4 color) {\n  #if CC_USE_HDR\n    color.rgb = mix(color.rgb, SRGBToLinear(color.rgb) * cc_exposure.w, vec3(cc_exposure.z));\n  #endif\n  return color;\n}\n  varying vec2 uvw;\n  varying vec2 uv0;\n  varying vec2 uv1;\n  varying vec2 uv2;\n  varying vec2 uv3;\n  varying vec3 diffuse;\n  varying vec2 luv;\n  uniform sampler2D weightMap;\n  uniform sampler2D detailMap0;\n  uniform sampler2D detailMap1;\n  uniform sampler2D detailMap2;\n  uniform sampler2D detailMap3;\n  uniform sampler2D lightMap;\nvec4 frag () {\n  vec4 color = vec4(0, 0, 0, 0);\n  #if LAYERS == 1\n    color = texture2D(detailMap0, uv0);\n  #elif LAYERS == 2\n    vec4 w = texture2D(weightMap, uvw);\n    color += texture2D(detailMap0, uv0) * w.r;\n    color += texture2D(detailMap1, uv1) * w.g;\n  #elif LAYERS == 3\n    vec4 w = texture2D(weightMap, uvw);\n    color += texture2D(detailMap0, uv0) * w.r;\n    color += texture2D(detailMap1, uv1) * w.g;\n    color += texture2D(detailMap2, uv2) * w.b;\n  #elif LAYERS == 4\n    vec4 w = texture2D(weightMap, uvw);\n    color += texture2D(detailMap0, uv0) * w.r;\n    color += texture2D(detailMap1, uv1) * w.g;\n    color += texture2D(detailMap2, uv2) * w.b;\n    color += texture2D(detailMap3, uv3) * w.a;\n  #else\n    color = texture2D(detailMap0, uv0);\n  #endif\n  vec3 lighting = diffuse;\n  #if LIGHT_MAP == 1\n    lighting += texture2D(lightMap, luv).rgb;\n  #endif\n  color.rgb *= lighting;\n  return CCFragOutput(color);\n}\nvoid main() { gl_FragColor = frag(); }"
      },
      "builtins": {
        "globals": {
          "blocks": [
            {
              "name": "CCGlobal",
              "defines": []
            }
          ],
          "samplers": []
        },
        "locals": {
          "blocks": [
            {
              "name": "CCLocal",
              "defines": []
            }
          ],
          "samplers": []
        }
      },
      "defines": [
        {
          "name": "LIGHT_MAP",
          "type": "number",
          "defines": [],
          "range": [
            0,
            3
          ]
        },
        {
          "name": "CC_USE_HDR",
          "type": "boolean",
          "defines": []
        },
        {
          "name": "LAYERS",
          "type": "number",
          "defines": [],
          "range": [
            0,
            4
          ]
        }
      ],
      "blocks": [
        {
          "name": "TexCoords",
          "members": [
            {
              "name": "UVScale",
              "type": 16,
              "count": 1
            },
            {
              "name": "lightMapUVParam",
              "type": 16,
              "count": 1
            }
          ],
          "defines": [],
          "binding": 0
        }
      ],
      "samplers": [
        {
          "name": "weightMap",
          "type": 28,
          "count": 1,
          "defines": [],
          "binding": 30
        },
        {
          "name": "detailMap0",
          "type": 28,
          "count": 1,
          "defines": [],
          "binding": 31
        },
        {
          "name": "detailMap1",
          "type": 28,
          "count": 1,
          "defines": [],
          "binding": 32
        },
        {
          "name": "detailMap2",
          "type": 28,
          "count": 1,
          "defines": [],
          "binding": 33
        },
        {
          "name": "detailMap3",
          "type": 28,
          "count": 1,
          "defines": [],
          "binding": 34
        },
        {
          "name": "lightMap",
          "type": 28,
          "count": 1,
          "defines": [],
          "binding": 35
        }
      ],
      "attributes": [
        {
          "name": "a_position",
          "type": 15,
          "count": 1,
          "defines": [],
          "format": 32,
          "location": 0
        },
        {
          "name": "a_normal",
          "type": 15,
          "count": 1,
          "defines": [],
          "format": 32,
          "location": 1
        },
        {
          "name": "a_texCoord",
          "type": 14,
          "count": 1,
          "defines": [],
          "format": 21,
          "location": 2
        }
      ],
      "varyings": [
        {
          "name": "uvw",
          "type": 14,
          "count": 1,
          "defines": [],
          "location": 0
        },
        {
          "name": "uv0",
          "type": 14,
          "count": 1,
          "defines": [],
          "location": 1
        },
        {
          "name": "uv1",
          "type": 14,
          "count": 1,
          "defines": [],
          "location": 2
        },
        {
          "name": "uv2",
          "type": 14,
          "count": 1,
          "defines": [],
          "location": 3
        },
        {
          "name": "uv3",
          "type": 14,
          "count": 1,
          "defines": [],
          "location": 4
        },
        {
          "name": "luv",
          "type": 14,
          "count": 1,
          "defines": [],
          "location": 5
        },
        {
          "name": "diffuse",
          "type": 15,
          "count": 1,
          "defines": [],
          "location": 6
        }
      ],
      "record": null,
      "name": "builtin-terrain|terrain-vs:vert|terrain-fs:frag"
    }
  ],
  "combinations": []
}