{
  "__type__": "cc.Material",
  "_name": "Material #5",
  "_objFlags": 0,
  "_native": "",
  "_effectAsset": {
    "__uuid__": "1baf0fc9-befa-459c-8bdd-af1a450a0319"
  },
  "_techIdx": 0,
  "_defines": [
    {
      "USE_VERTEX_COLOR": true,
      "HAS_SECOND_UV": true,
      "USE_ALBEDO_MAP": true
    }
  ],
  "_states": [
    {
      "rasterizerState": {},
      "blendState": {
        "targets": [
          {}
        ]
      },
      "depthStencilState": {}
    }
  ],
  "_props": [
    {
      "mainTexture": {
        "__uuid__": "60c56a26-35a5-4041-b427-98d280d24852@bfae8"
      },
      "albedoScale": {
        "__type__": "cc.Vec3",
        "x": 1,
        "y": 1,
        "z": 1
      },
      "metallic": 0.400000005960464,
      "roughness": 0.70710676908493
    }
  ]
}