{
  "__type__": "cc.EffectAsset",
  "_name": "builtin-standard",
  "_objFlags": 0,
  "_native": "",
  "techniques": [
    {
      "name": "opaque",
      "passes": [
        {
          "program": "builtin-standard|standard-vs:vert|standard-fs:frag",
          "properties": {
            "tilingOffset": {
              "value": [
                1,
                1,
                0,
                0
              ],
              "type": 16
            },
            "mainColor": {
              "value": [
                1,
                1,
                1,
                1
              ],
              "editor": {
                "displayName": "Albedo",
                "type": "color"
              },
              "type": 16,
              "handleInfo": [
                "albedo",
                0,
                16
              ]
            },
            "albedoScale": {
              "value": [
                1,
                1,
                1
              ],
              "type": 15,
              "handleInfo": [
                "albedoScaleAndCutoff",
                0,
                15
              ]
            },
            "alphaThreshold": {
              "value": [
                0.5
              ],
              "editor": {
                "parent": "USE_ALPHA_TEST"
              },
              "type": 13,
              "handleInfo": [
                "albedoScaleAndCutoff",
                3,
                13
              ]
            },
            "occlusion": {
              "value": [
                1
              ],
              "type": 13,
              "handleInfo": [
                "pbrParams",
                0,
                13
              ]
            },
            "roughness": {
              "value": [
                0.8
              ],
              "type": 13,
              "handleInfo": [
                "pbrParams",
                1,
                13
              ]
            },
            "metallic": {
              "value": [
                0.6
              ],
              "type": 13,
              "handleInfo": [
                "pbrParams",
                2,
                13
              ]
            },
            "normalStrenth": {
              "value": [
                1
              ],
              "editor": {
                "parent": "USE_NORMAL_MAP"
              },
              "type": 13,
              "handleInfo": [
                "pbrParams",
                3,
                13
              ]
            },
            "emissive": {
              "value": [
                0,
                0,
                0,
                1
              ],
              "editor": {
                "type": "color"
              },
              "type": 16
            },
            "emissiveScale": {
              "value": [
                1,
                1,
                1
              ],
              "type": 15,
              "handleInfo": [
                "emissiveScaleParam",
                0,
                15
              ]
            },
            "mainTexture": {
              "value": "grey",
              "editor": {
                "displayName": "AlbedoMap"
              },
              "type": 28,
              "handleInfo": [
                "albedoMap",
                0,
                28
              ]
            },
            "normalMap": {
              "value": "normal",
              "type": 28
            },
            "pbrMap": {
              "value": "grey",
              "type": 28
            },
            "metallicRoughnessMap": {
              "value": "grey",
              "type": 28
            },
            "occlusionMap": {
              "value": "white",
              "type": 28
            },
            "emissiveMap": {
              "value": "grey",
              "type": 28
            },
            "albedo": {
              "type": 16,
              "editor": {
                "visible": false,
                "deprecated": true
              },
              "value": [
                1,
                1,
                1,
                1
              ]
            },
            "albedoScaleAndCutoff": {
              "type": 16,
              "editor": {
                "visible": false,
                "deprecated": true
              },
              "value": [
                1,
                1,
                1,
                0.5
              ]
            },
            "pbrParams": {
              "type": 16,
              "editor": {
                "visible": false,
                "deprecated": true
              },
              "value": [
                1,
                0.8,
                0.6,
                1
              ]
            },
            "emissiveScaleParam": {
              "type": 16,
              "editor": {
                "visible": false,
                "deprecated": true
              },
              "value": [
                1,
                1,
                1,
                0
              ]
            },
            "albedoMap": {
              "type": 28,
              "editor": {
                "visible": false,
                "deprecated": true
              },
              "value": "grey"
            }
          },
          "migrations": {
            "properties": {
              "mainColor": {
                "formerlySerializedAs": "albedo"
              },
              "alphaThreshold": {
                "formerlySerializedAs": "albedoScale.w"
              },
              "normalStrenth": {
                "formerlySerializedAs": "pbrScale.w"
              },
              "mainTexture": {
                "formerlySerializedAs": "albedoMap"
              }
            }
          }
        }
      ]
    },
    {
      "name": "transparent",
      "passes": [
        {
          "blendState": {
            "targets": [
              {
                "blend": true,
                "blendSrc": 2,
                "blendDst": 4,
                "blendDstAlpha": 4
              }
            ]
          },
          "program": "builtin-standard|standard-vs:vert|standard-fs:frag",
          "depthStencilState": {
            "depthTest": true,
            "depthWrite": false
          },
          "properties": {
            "tilingOffset": {
              "value": [
                1,
                1,
                0,
                0
              ],
              "type": 16
            },
            "mainColor": {
              "value": [
                1,
                1,
                1,
                1
              ],
              "editor": {
                "displayName": "Albedo",
                "type": "color"
              },
              "type": 16,
              "handleInfo": [
                "albedo",
                0,
                16
              ]
            },
            "albedoScale": {
              "value": [
                1,
                1,
                1
              ],
              "type": 15,
              "handleInfo": [
                "albedoScaleAndCutoff",
                0,
                15
              ]
            },
            "alphaThreshold": {
              "value": [
                0.5
              ],
              "editor": {
                "parent": "USE_ALPHA_TEST"
              },
              "type": 13,
              "handleInfo": [
                "albedoScaleAndCutoff",
                3,
                13
              ]
            },
            "occlusion": {
              "value": [
                1
              ],
              "type": 13,
              "handleInfo": [
                "pbrParams",
                0,
                13
              ]
            },
            "roughness": {
              "value": [
                0.8
              ],
              "type": 13,
              "handleInfo": [
                "pbrParams",
                1,
                13
              ]
            },
            "metallic": {
              "value": [
                0.6
              ],
              "type": 13,
              "handleInfo": [
                "pbrParams",
                2,
                13
              ]
            },
            "normalStrenth": {
              "value": [
                1
              ],
              "editor": {
                "parent": "USE_NORMAL_MAP"
              },
              "type": 13,
              "handleInfo": [
                "pbrParams",
                3,
                13
              ]
            },
            "emissive": {
              "value": [
                0,
                0,
                0,
                1
              ],
              "editor": {
                "type": "color"
              },
              "type": 16
            },
            "emissiveScale": {
              "value": [
                1,
                1,
                1
              ],
              "type": 15,
              "handleInfo": [
                "emissiveScaleParam",
                0,
                15
              ]
            },
            "mainTexture": {
              "value": "grey",
              "editor": {
                "displayName": "AlbedoMap"
              },
              "type": 28,
              "handleInfo": [
                "albedoMap",
                0,
                28
              ]
            },
            "normalMap": {
              "value": "normal",
              "type": 28
            },
            "pbrMap": {
              "value": "grey",
              "type": 28
            },
            "metallicRoughnessMap": {
              "value": "grey",
              "type": 28
            },
            "occlusionMap": {
              "value": "white",
              "type": 28
            },
            "emissiveMap": {
              "value": "grey",
              "type": 28
            },
            "albedo": {
              "type": 16,
              "editor": {
                "visible": false,
                "deprecated": true
              },
              "value": [
                1,
                1,
                1,
                1
              ]
            },
            "albedoScaleAndCutoff": {
              "type": 16,
              "editor": {
                "visible": false,
                "deprecated": true
              },
              "value": [
                1,
                1,
                1,
                0.5
              ]
            },
            "pbrParams": {
              "type": 16,
              "editor": {
                "visible": false,
                "deprecated": true
              },
              "value": [
                1,
                0.8,
                0.6,
                1
              ]
            },
            "emissiveScaleParam": {
              "type": 16,
              "editor": {
                "visible": false,
                "deprecated": true
              },
              "value": [
                1,
                1,
                1,
                0
              ]
            },
            "albedoMap": {
              "type": 28,
              "editor": {
                "visible": false,
                "deprecated": true
              },
              "value": "grey"
            }
          },
          "migrations": {
            "properties": {
              "mainColor": {
                "formerlySerializedAs": "albedo"
              },
              "alphaThreshold": {
                "formerlySerializedAs": "albedoScale.w"
              },
              "normalStrenth": {
                "formerlySerializedAs": "pbrScale.w"
              },
              "mainTexture": {
                "formerlySerializedAs": "albedoMap"
              }
            }
          }
        }
      ]
    }
  ],
  "shaders": [
    {
      "hash": 1960762747,
      "glsl4": {
        "vert": "\nprecision highp float;\nlayout(binding = 23) uniform CCGlobal {\n  highp   vec4 cc_time;\n  mediump vec4 cc_screenSize;\n  mediump vec4 cc_screenScale;\n  mediump vec4 cc_nativeSize;\n  highp   mat4 cc_matView;\n  highp   mat4 cc_matViewInv;\n  highp   mat4 cc_matProj;\n  highp   mat4 cc_matProjInv;\n  highp   mat4 cc_matViewProj;\n  highp   mat4 cc_matViewProjInv;\n  highp   vec4 cc_cameraPos;\n  mediump vec4 cc_exposure;\n  mediump vec4 cc_mainLitDir;\n  mediump vec4 cc_mainLitColor;\n  mediump vec4 cc_ambientSky;\n  mediump vec4 cc_ambientGround;\n};\n#if USE_INSTANCING\n  layout(location = 4) in vec4 a_matWorld0;\n  layout(location = 5) in vec4 a_matWorld1;\n  layout(location = 6) in vec4 a_matWorld2;\n#elif USE_BATCHING\n  layout(location = 3) in float a_dyn_batch_id;\n  layout(binding = 21) uniform CCLocalBatched {\n    highp mat4 cc_matWorlds[10];\n  };\n#else\nlayout(binding = 21) uniform CCLocal {\n  highp mat4 cc_matWorld;\n  highp mat4 cc_matWorldIT;\n};\n#endif\nstruct StandardVertInput {\n  highp vec4 position;\n  vec3 normal;\n  vec4 tangent;\n};\nlayout(location = 0) in vec3 a_position;\nlayout(location = 1) in vec3 a_normal;\nlayout(location = 2) in vec4 a_tangent;\n#if CC_USE_MORPH\n    layout(location = 7) in float a_vertexId;\n    int getVertexId() {\n        return int(a_vertexId);\n    }\nuniform CCMorph {\n    vec4 cc_displacementWeights[15];\n    vec4 cc_displacementTextureInfo;\n};\n    vec4 fetchFlatPixel(sampler2D tex, int pixelIndex) {\n        float pixelIndexF = float(pixelIndex);\n        vec2 textureResolution = vec2(float(cc_displacementTextureInfo.x), float(cc_displacementTextureInfo.y));\n        float pixelX = mod(pixelIndexF, textureResolution.x);\n        float pixelY = floor(pixelIndexF / textureResolution.x);\n        vec2 uv = (vec2(pixelX, pixelY) + .5) / textureResolution;\n        return texture(tex, uv);\n    }\nfloat getDisplacementWeight(int index) {\n    float m = mod(float(index), 4.0);\n    if (m < 1.0) {\n        return cc_displacementWeights[index / 4].x;\n    } else if (m < 2.0) {\n        return cc_displacementWeights[index / 4].y;\n    } else if (m < 3.0) {\n        return cc_displacementWeights[index / 4].z;\n    } else {\n        return cc_displacementWeights[index / 4].w;\n    }\n}\nvec3 getVec3DisplacementFromTexture(sampler2D tex, int vertexIndex) {\n#if CC_MORPH_PRECOMPUTED\n    return fetchFlatPixel(tex, vertexIndex).rgb;\n#else\n    vec3 result = vec3(0, 0, 0);\n    for (int iTarget = 0; iTarget < CC_MORPH_TARGET_COUNT; ++iTarget) {\n        int dataPixelStart = int(fetchFlatPixel(tex, iTarget).r);\n        result += (fetchFlatPixel(tex, dataPixelStart + vertexIndex).rgb * getDisplacementWeight(iTarget));\n    }\n    return result;\n#endif\n}\n#if CC_MORPH_TARGET_HAS_POSITION\n    uniform sampler2D cc_PositionDisplacements;\n    vec3 getPositionDisplacement(int vertexId) {\n        return getVec3DisplacementFromTexture(cc_PositionDisplacements, vertexId);\n    }\n#endif\n#if CC_MORPH_TARGET_HAS_NORMAL\n    uniform sampler2D cc_NormalDisplacements;\n    vec3 getNormalDisplacement(int vertexId) {\n        return getVec3DisplacementFromTexture(cc_NormalDisplacements, vertexId);\n    }\n#endif\n#if CC_MORPH_TARGET_HAS_TANGENT\n    uniform sampler2D cc_TangentDisplacements;\n    vec3 getTangentDisplacement(int vertexId) {\n        return getVec3DisplacementFromTexture(cc_TangentDisplacements, vertexId);\n    }\n#endif\nvoid applyMorph (inout StandardVertInput attr) {\n    int vertexId = getVertexId();\n#if CC_MORPH_TARGET_HAS_POSITION\n    attr.position.xyz = attr.position.xyz + getPositionDisplacement(vertexId);\n#endif\n#if CC_MORPH_TARGET_HAS_NORMAL\n    attr.normal.xyz = attr.normal.xyz + getNormalDisplacement(vertexId);\n#endif\n#if CC_MORPH_TARGET_HAS_TANGENT\n    attr.tangent.xyz = attr.tangent.xyz + getTangentDisplacement(vertexId);\n#endif\n}\nvoid applyMorph (inout vec4 position) {\n#if CC_MORPH_TARGET_HAS_POSITION\n    position.xyz = position.xyz + getPositionDisplacement(getVertexId());\n#endif\n}\n#endif\n#if CC_USE_SKINNING\nlayout(location = 8) in vec4 a_weights;\nlayout(location = 9) in vec4 a_joints;\n#if CC_USE_BAKED_ANIMATION\n  #if USE_INSTANCING\n    layout(location = 10) in vec4 a_jointAnimInfo;\n  #endif\n  layout(binding = 18) uniform CCSkinningTexture {\n    highp vec4 cc_jointTextureInfo;\n  };\n  layout(binding = 19) uniform CCSkinningAnimation {\n    highp vec4 cc_jointAnimInfo;\n  };\n  layout(binding = 25) uniform sampler2D cc_jointTexture;\n    #if !CC_SUPPORT_FLOAT_TEXTURE\n    highp float decode32 (highp vec4 rgba) {\n      rgba = rgba * 255.0;\n      highp float Sign = 1.0 - step(128.0, rgba[3]) * 2.0;\n      highp float Exponent = 2.0 * mod(rgba[3], 128.0) + step(128.0, rgba[2]) - 127.0;\n      highp float Mantissa = mod(rgba[2], 128.0) * 65536.0 + rgba[1] * 256.0 + rgba[0] + 8388608.0;\n      return Sign * exp2(Exponent - 23.0) * Mantissa;\n    }\n  #endif\n#else\n  layout(binding = 18) uniform CCSkinning {\n    highp vec4 cc_joints[30 * 3];\n  };\n#endif\n#if CC_USE_BAKED_ANIMATION\n  #if CC_SUPPORT_FLOAT_TEXTURE\n    mat4 getJointMatrix (float i) {\n    #if USE_INSTANCING\n      highp float j = 3.0 * i + a_jointAnimInfo.x;\n    #else\n      highp float j = 3.0 * (cc_jointAnimInfo.x * cc_jointTextureInfo.y + i) + cc_jointTextureInfo.z;\n    #endif\n    highp float invSize = cc_jointTextureInfo.w;\n    highp float y = floor(j * invSize);\n    highp float x = j - y * cc_jointTextureInfo.x;\n    y = (y + 0.5) * invSize;\n      vec4 v1 = texture(cc_jointTexture, vec2((x + 0.5) * invSize, y));\n      vec4 v2 = texture(cc_jointTexture, vec2((x + 1.5) * invSize, y));\n      vec4 v3 = texture(cc_jointTexture, vec2((x + 2.5) * invSize, y));\n      return mat4(vec4(v1.xyz, 0.0), vec4(v2.xyz, 0.0), vec4(v3.xyz, 0.0), vec4(v1.w, v2.w, v3.w, 1.0));\n    }\n  #else\n    mat4 getJointMatrix (float i) {\n    #if USE_INSTANCING\n      highp float j = 12.0 * i + a_jointAnimInfo.x;\n    #else\n      highp float j = 12.0 * (cc_jointAnimInfo.x * cc_jointTextureInfo.y + i) + cc_jointTextureInfo.z;\n    #endif\n    highp float invSize = cc_jointTextureInfo.w;\n    highp float y = floor(j * invSize);\n    highp float x = j - y * cc_jointTextureInfo.x;\n    y = (y + 0.5) * invSize;\n      vec4 v1 = vec4(\n        decode32(texture(cc_jointTexture, vec2((x + 0.5) * invSize, y))),\n        decode32(texture(cc_jointTexture, vec2((x + 1.5) * invSize, y))),\n        decode32(texture(cc_jointTexture, vec2((x + 2.5) * invSize, y))),\n        decode32(texture(cc_jointTexture, vec2((x + 3.5) * invSize, y)))\n      );\n      vec4 v2 = vec4(\n        decode32(texture(cc_jointTexture, vec2((x + 4.5) * invSize, y))),\n        decode32(texture(cc_jointTexture, vec2((x + 5.5) * invSize, y))),\n        decode32(texture(cc_jointTexture, vec2((x + 6.5) * invSize, y))),\n        decode32(texture(cc_jointTexture, vec2((x + 7.5) * invSize, y)))\n      );\n      vec4 v3 = vec4(\n        decode32(texture(cc_jointTexture, vec2((x + 8.5) * invSize, y))),\n        decode32(texture(cc_jointTexture, vec2((x + 9.5) * invSize, y))),\n        decode32(texture(cc_jointTexture, vec2((x + 10.5) * invSize, y))),\n        decode32(texture(cc_jointTexture, vec2((x + 11.5) * invSize, y)))\n      );\n      return mat4(vec4(v1.xyz, 0.0), vec4(v2.xyz, 0.0), vec4(v3.xyz, 0.0), vec4(v1.w, v2.w, v3.w, 1.0));\n    }\n  #endif\n#else\n  mat4 getJointMatrix (float i) {\n    int idx = int(i);\n    vec4 v1 = cc_joints[idx * 3];\n    vec4 v2 = cc_joints[idx * 3 + 1];\n    vec4 v3 = cc_joints[idx * 3 + 2];\n    return mat4(vec4(v1.xyz, 0.0), vec4(v2.xyz, 0.0), vec4(v3.xyz, 0.0), vec4(v1.w, v2.w, v3.w, 1.0));\n  }\n#endif\nmat4 skinMatrix () {\n  return getJointMatrix(a_joints.x) * a_weights.x\n    + getJointMatrix(a_joints.y) * a_weights.y;\n    + getJointMatrix(a_joints.z) * a_weights.z;\n    + getJointMatrix(a_joints.w) * a_weights.w;\n}\nvoid CCSkin (inout vec4 position) {\n  mat4 m = skinMatrix();\n  position = m * position;\n}\nvoid CCSkin (inout StandardVertInput attr) {\n  mat4 m = skinMatrix();\n  attr.position = m * attr.position;\n  attr.normal = (m * vec4(attr.normal, 0.0)).xyz;\n  attr.tangent.xyz = (m * vec4(attr.tangent.xyz, 0.0)).xyz;\n}\n#endif\nlayout(binding = 0) uniform Constants {\n  vec4 tilingOffset;\n  vec4 albedo;\n  vec4 albedoScaleAndCutoff;\n  vec4 pbrParams;\n  vec4 emissive;\n  vec4 emissiveScaleParam;\n};\n#if USE_VERTEX_COLOR\n  layout(location = 11) in vec3 a_color;\n  layout(location = 0) out vec3 v_color;\n#endif\nlayout(location = 1) out vec3 v_position;\nlayout(location = 2) out vec3 v_normal;\n#if USE_NORMAL_MAP\n  layout(location = 3) out vec3 v_tangent;\n  layout(location = 4) out vec3 v_bitangent;\n#endif\nlayout(location = 12) in vec2 a_texCoord;\nlayout(location = 5) out vec2 v_uv;\nlayout(location = 13) in vec2 a_texCoord1;\nlayout(location = 6) out vec2 v_uv1;\nvec4 vert () {\n  StandardVertInput In;\n  In.position = vec4(a_position, 1.0);\n  In.normal = a_normal;\n  In.tangent = a_tangent;\n  #if CC_USE_MORPH\n    applyMorph(In);\n  #endif\n  #if CC_USE_SKINNING\n    CCSkin(In);\n  #endif\n  mat4 matWorld, matWorldIT;\n  #if USE_INSTANCING\n    matWorld = mat4(\n      vec4(a_matWorld0.xyz, 0.0),\n      vec4(a_matWorld1.xyz, 0.0),\n      vec4(a_matWorld2.xyz, 0.0),\n      vec4(a_matWorld0.w, a_matWorld1.w, a_matWorld2.w, 1.0)\n    );\n    matWorldIT = matWorld;\n  #elif USE_BATCHING\n    matWorld = cc_matWorlds[int(a_dyn_batch_id)];\n    matWorldIT = matWorld;\n  #else\n    matWorld = cc_matWorld;\n    matWorldIT = cc_matWorldIT;\n  #endif\n  vec4 pos = matWorld * In.position;\n  v_position = pos.xyz;\n  v_normal = normalize((matWorldIT * vec4(In.normal, 0.0)).xyz);\n  #if USE_NORMAL_MAP\n    v_tangent = normalize((matWorld * vec4(In.tangent.xyz, 0.0)).xyz);\n    v_bitangent = cross(v_normal, v_tangent) * In.tangent.w;\n  #endif\n  v_uv = a_texCoord * tilingOffset.xy + tilingOffset.zw;\n  #if HAS_SECOND_UV\n    v_uv1 = a_texCoord1 * tilingOffset.xy + tilingOffset.zw;\n  #endif\n  #if USE_VERTEX_COLOR\n    v_color = a_color;\n  #endif\n  return cc_matProj * (cc_matView * matWorld) * In.position;\n}\nvoid main() { gl_Position = vert(); }",
        "frag": "\nprecision highp float;\nlayout(binding = 23) uniform CCGlobal {\n  highp   vec4 cc_time;\n  mediump vec4 cc_screenSize;\n  mediump vec4 cc_screenScale;\n  mediump vec4 cc_nativeSize;\n  highp   mat4 cc_matView;\n  highp   mat4 cc_matViewInv;\n  highp   mat4 cc_matProj;\n  highp   mat4 cc_matProjInv;\n  highp   mat4 cc_matViewProj;\n  highp   mat4 cc_matViewProjInv;\n  highp   vec4 cc_cameraPos;\n  mediump vec4 cc_exposure;\n  mediump vec4 cc_mainLitDir;\n  mediump vec4 cc_mainLitColor;\n  mediump vec4 cc_ambientSky;\n  mediump vec4 cc_ambientGround;\n};\n#if CC_USE_IBL\nlayout(binding = 26) uniform samplerCube cc_environment;\nvec3 unpackRGBE (vec4 rgbe) {\n  return rgbe.rgb * pow(2.0, rgbe.a * 255.0 - 128.0);\n}\nvec4 fragTextureLod (sampler2D tex, vec2 coord, float lod) {\n    return textureLod(tex, coord, lod);\n}\nvec4 fragTextureLod (samplerCube tex, vec3 coord, float lod) {\n    return textureLod(tex, coord, lod);\n}\n#endif\nvec3 SRGBToLinear (vec3 gamma) {\n  return gamma * gamma;\n}\nlayout(binding = 20) uniform CCForwardLight {\n  highp vec4 cc_sphereLitPos[2];\n  vec4 cc_sphereLitSizeRange[2];\n  vec4 cc_sphereLitColor[2];\n  highp vec4 cc_spotLitPos[2];\n  vec4 cc_spotLitSizeRangeAngle[2];\n  vec4 cc_spotLitDir[2];\n  vec4 cc_spotLitColor[2];\n};\nfloat SmoothDistAtt (float distSqr, float invSqrAttRadius) {\n  float factor = distSqr * invSqrAttRadius;\n  float smoothFactor = clamp(1.0 - factor * factor, 0.0, 1.0);\n  return smoothFactor * smoothFactor;\n}\nfloat GetDistAtt (float distSqr, float invSqrAttRadius) {\n  float attenuation = 1.0 / max(distSqr, 0.01*0.01);\n  attenuation *= SmoothDistAtt(distSqr , invSqrAttRadius);\n  return attenuation;\n}\nfloat GetAngleAtt (vec3 L, vec3 litDir, float litAngleScale, float litAngleOffset) {\n  float cd = dot(litDir, L);\n  float attenuation = clamp(cd * litAngleScale + litAngleOffset, 0.0, 1.0);\n  return (attenuation * attenuation);\n}\nfloat GGXMobile (float roughness, float NoH, vec3 H, vec3 N) {\n  vec3 NxH = cross(N, H);\n  float OneMinusNoHSqr = dot(NxH, NxH);\n  float a = roughness * roughness;\n  float n = NoH * a;\n  float p = a / (OneMinusNoHSqr + n * n);\n  return p * p;\n}\nfloat CalcSpecular (float roughness, float NoH, vec3 H, vec3 N) {\n  return (roughness*0.25 + 0.25) * GGXMobile(roughness, NoH, H, N);\n}\nvec3 BRDFApprox (vec3 specular, float roughness, float NoV) {\n  const vec4 c0 = vec4(-1.0, -0.0275, -0.572, 0.022);\n  const vec4 c1 = vec4(1.0, 0.0425, 1.04, -0.04);\n  vec4 r = roughness * c0 + c1;\n  float a004 = min( r.x * r.x, exp2( -9.28 * NoV ) ) * r.x + r.y;\n  vec2 AB = vec2( -1.04, 1.04 ) * a004 + r.zw;\n  AB.y *= clamp(50.0 * specular.g, 0.0, 1.0);\n  return specular * AB.x + AB.y;\n}\nvec3 CalcDynamicLighting (vec3 worldPos, vec3 N, vec3 V, vec3 diffuse, vec3 specular, float roughness) {\n  vec3 lighting = vec3(0.0);\n  vec3 diffuseContrib = diffuse / 3.14159265359;\n  for (int i = 0; i < 2; i++) {\n    vec3 PLU = cc_sphereLitPos[i].xyz - worldPos;\n    vec3 PL = normalize(PLU);\n    vec3 PH = normalize(PL + V);\n    float PNL = max(dot(N, PL), 0.001);\n    float PNH = max(dot(N, PH), 0.0);\n    float distSqr = dot(PLU, PLU);\n    float litRadius = cc_sphereLitSizeRange[i].x;\n    float litRadiusSqr = litRadius * litRadius;\n    float illum = 3.14159265359 * (litRadiusSqr / max(litRadiusSqr , distSqr));\n    float attRadiusSqrInv = 1.0 / max(cc_sphereLitSizeRange[i].y, 0.01);\n    attRadiusSqrInv *= attRadiusSqrInv;\n    float att = GetDistAtt(distSqr, attRadiusSqrInv);\n    vec3 lspec = specular * CalcSpecular(roughness, PNH, PH, N);\n    lighting += PNL * cc_sphereLitColor[i].rgb * cc_sphereLitColor[i].w * illum * att * (diffuseContrib + lspec);\n  }\n  for (int i = 0; i < 2; i++) {\n    vec3 SLU = cc_spotLitPos[i].xyz - worldPos;\n    vec3 SL = normalize(SLU);\n    vec3 SH = normalize(SL + V);\n    float SNL = max(dot(N, SL), 0.001);\n    float SNH = max(dot(N, SH), 0.0);\n    float distSqr = dot(SLU, SLU);\n    float litRadius = cc_spotLitSizeRangeAngle[i].x;\n    float litRadiusSqr = litRadius * litRadius;\n    float illum = 3.14159265359 * (litRadiusSqr / max(litRadiusSqr , distSqr));\n    float attRadiusSqrInv = 1.0 / max(cc_spotLitSizeRangeAngle[i].y, 0.01);\n    attRadiusSqrInv *= attRadiusSqrInv;\n    float cosInner = max(dot(-cc_spotLitDir[i].xyz, SL), 0.01);\n    float cosOuter = cc_spotLitSizeRangeAngle[i].z;\n    float litAngleScale = 1.0 / max(0.001, cosInner - cosOuter);\n    float litAngleOffset = -cosOuter * litAngleScale;\n    float att = GetDistAtt(distSqr, attRadiusSqrInv);\n    att *= GetAngleAtt(SL, -cc_spotLitDir[i].xyz, litAngleScale, litAngleOffset);\n    vec3 lspec = specular * CalcSpecular(roughness, SNH, SH, N);\n    lighting += SNL * cc_spotLitColor[i].rgb * cc_spotLitColor[i].w * illum * att * (diffuseContrib + lspec);\n  }\n  return lighting;\n}\nstruct StandardSurface {\n  vec4 albedo;\n  vec3 position;\n  vec3 normal;\n  vec3 emissive;\n  float roughness;\n  float metallic;\n  float occlusion;\n};\nvec4 CCStandardShading (StandardSurface s) {\n  vec3 diffuse = s.albedo.rgb * (1.0 - s.metallic);\n  vec3 specular = mix(vec3(0.04), s.albedo.rgb, s.metallic);\n  vec3 N = normalize(s.normal);\n  vec3 V = normalize(cc_cameraPos.xyz - s.position);\n  vec3 L = normalize(-cc_mainLitDir.xyz);\n  vec3 H = normalize(L+V);\n  float NV = max(abs(dot(N, V)), 0.001);\n  float NL = max(dot(N, L), 0.001);\n  float NH = max(dot(N, H), 0.0);\n  specular = BRDFApprox(specular, s.roughness, NV);\n  vec3 diffuseContrib = diffuse / 3.14159265359;\n  vec3 specularContrib = specular * CalcSpecular(s.roughness, NH, H, N);\n  vec3 finalColor = NL * cc_mainLitColor.rgb * cc_mainLitColor.w * (diffuseContrib + specularContrib);\n  finalColor += CalcDynamicLighting(s.position, N, V, diffuse, specular, s.roughness);\n  float fAmb = 0.5 - N.y * 0.5;\n  vec3 ambDiff = mix(cc_ambientSky.rgb, cc_ambientGround.rgb, fAmb) * cc_ambientSky.w;\n  finalColor += (ambDiff.rgb * diffuse);\n  #if CC_USE_IBL\n    vec3 R = normalize(reflect(-V, N));\n    vec4 envmap = fragTextureLod(cc_environment, R, s.roughness * cc_ambientGround.w);\n    #if CC_USE_IBL == 2\n      vec3 env = unpackRGBE(envmap);\n    #else\n      vec3 env = SRGBToLinear(envmap.rgb);\n    #endif\n    finalColor += env * cc_ambientSky.w * specular;\n  #endif\n  finalColor = finalColor * s.occlusion;\n  #if CC_USE_HDR\n    s.emissive *= cc_exposure.w;\n  #endif\n  finalColor += s.emissive;\n  return vec4(finalColor, s.albedo.a);\n}\nvec3 ACESToneMap (vec3 color) {\n  color = min(color, vec3(8.0));\n  const float A = 2.51;\n  const float B = 0.03;\n  const float C = 2.43;\n  const float D = 0.59;\n  const float E = 0.14;\n  return (color * (A * color + B)) / (color * (C * color + D) + E);\n}\nvec4 CCFragOutput (vec4 color) {\n  #if !CC_USE_HDR\n    color.rgb = sqrt(ACESToneMap(color.rgb));\n  #endif\n  return color;\n}\nlayout(binding = 0) uniform Constants {\n  vec4 tilingOffset;\n  vec4 albedo;\n  vec4 albedoScaleAndCutoff;\n  vec4 pbrParams;\n  vec4 emissive;\n  vec4 emissiveScaleParam;\n};\nlayout(location = 1) in vec3 v_position;\nlayout(location = 5) in vec2 v_uv;\nlayout(location = 6) in vec2 v_uv1;\nlayout(location = 2) in vec3 v_normal;\n#if USE_VERTEX_COLOR\n  layout(location = 0) in vec3 v_color;\n#endif\n#if USE_ALBEDO_MAP\n  layout(binding = 30) uniform sampler2D albedoMap;\n#endif\n#if USE_NORMAL_MAP\n  layout(location = 3) in vec3 v_tangent;\n  layout(location = 4) in vec3 v_bitangent;\n  layout(binding = 31) uniform sampler2D normalMap;\n#endif\n#if USE_PBR_MAP\n  layout(binding = 32) uniform sampler2D pbrMap;\n#endif\n#if USE_METALLIC_ROUGHNESS_MAP\n  layout(binding = 33) uniform sampler2D metallicRoughnessMap;\n#endif\n#if USE_OCCLUSION_MAP\n  layout(binding = 34) uniform sampler2D occlusionMap;\n#endif\n#if USE_EMISSIVE_MAP\n  layout(binding = 35) uniform sampler2D emissiveMap;\n#endif\n#if USE_ALPHA_TEST\n#endif\nvoid surf (out StandardSurface s) {\n  vec4 baseColor = albedo;\n  #if USE_VERTEX_COLOR\n    baseColor.rgb *= v_color;\n  #endif\n  #if USE_ALBEDO_MAP\n    vec4 texColor = texture(albedoMap, ALBEDO_UV);\n    texColor.rgb = SRGBToLinear(texColor.rgb);\n    baseColor *= texColor;\n  #endif\n  s.albedo = baseColor;\n  s.albedo.rgb *= albedoScaleAndCutoff.xyz;\n  #if USE_ALPHA_TEST\n    if (s.albedo.ALPHA_TEST_CHANNEL < albedoScaleAndCutoff.w) discard;\n  #endif\n  s.normal = v_normal;\n  #if USE_NORMAL_MAP\n    vec3 nmmp = texture(normalMap, NORMAL_UV).xyz - vec3(0.5);\n    s.normal =\n      (nmmp.x * pbrParams.w) * normalize(v_tangent) +\n      (nmmp.y * pbrParams.w) * normalize(v_bitangent) +\n      nmmp.z * normalize(s.normal);\n  #endif\n  s.position = v_position;\n  vec4 pbr = pbrParams;\n  #if USE_PBR_MAP\n    vec4 res = texture(pbrMap, PBR_UV);\n    pbr.x *= res.OCCLUSION_CHANNEL;\n    pbr.y *= res.ROUGHNESS_CHANNEL;\n    pbr.z *= res.METALLIC_CHANNEL;\n  #endif\n  #if USE_METALLIC_ROUGHNESS_MAP\n    vec4 metallicRoughness = texture(metallicRoughnessMap, METALLIC_ROUGHNESS_UV);\n    pbr.z *= metallicRoughness.METALLIC_CHANNEL;\n    pbr.y *= metallicRoughness.ROUGHNESS_CHANNEL;\n  #endif\n  #if USE_OCCLUSION_MAP\n    pbr.x *= texture(occlusionMap, OCCLUSION_UV).OCCLUSION_CHANNEL;\n  #endif\n  s.occlusion = clamp(pbr.x, 0.0, 0.96);\n  s.roughness = clamp(pbr.y, 0.04, 1.0);\n  s.metallic = pbr.z;\n  s.emissive = emissive.rgb * emissiveScaleParam.xyz;\n  #if USE_EMISSIVE_MAP\n    s.emissive *= SRGBToLinear(texture(emissiveMap, EMISSIVE_UV).rgb);\n  #endif\n}\nvec4 frag () {\n  StandardSurface s; surf(s);\n  vec4 color = CCStandardShading(s);\n  return CCFragOutput(color);\n}\nlayout(location = 0) out vec4 cc_FragColor;\nvoid main() { cc_FragColor = frag(); }"
      },
      "glsl3": {
        "vert": "\nprecision highp float;\nuniform CCGlobal {\n  highp   vec4 cc_time;\n  mediump vec4 cc_screenSize;\n  mediump vec4 cc_screenScale;\n  mediump vec4 cc_nativeSize;\n  highp   mat4 cc_matView;\n  highp   mat4 cc_matViewInv;\n  highp   mat4 cc_matProj;\n  highp   mat4 cc_matProjInv;\n  highp   mat4 cc_matViewProj;\n  highp   mat4 cc_matViewProjInv;\n  highp   vec4 cc_cameraPos;\n  mediump vec4 cc_exposure;\n  mediump vec4 cc_mainLitDir;\n  mediump vec4 cc_mainLitColor;\n  mediump vec4 cc_ambientSky;\n  mediump vec4 cc_ambientGround;\n};\n#if USE_INSTANCING\n  in vec4 a_matWorld0;\n  in vec4 a_matWorld1;\n  in vec4 a_matWorld2;\n#elif USE_BATCHING\n  in float a_dyn_batch_id;\n  uniform CCLocalBatched {\n    highp mat4 cc_matWorlds[10];\n  };\n#else\nuniform CCLocal {\n  highp mat4 cc_matWorld;\n  highp mat4 cc_matWorldIT;\n};\n#endif\nstruct StandardVertInput {\n  highp vec4 position;\n  vec3 normal;\n  vec4 tangent;\n};\nin vec3 a_position;\nin vec3 a_normal;\nin vec4 a_tangent;\n#if CC_USE_MORPH\n    in float a_vertexId;\n    int getVertexId() {\n        return int(a_vertexId);\n    }\nuniform CCMorph {\n    vec4 cc_displacementWeights[15];\n    vec4 cc_displacementTextureInfo;\n};\n    vec4 fetchFlatPixel(sampler2D tex, int pixelIndex) {\n        float pixelIndexF = float(pixelIndex);\n        vec2 textureResolution = vec2(float(cc_displacementTextureInfo.x), float(cc_displacementTextureInfo.y));\n        float pixelX = mod(pixelIndexF, textureResolution.x);\n        float pixelY = floor(pixelIndexF / textureResolution.x);\n        vec2 uv = (vec2(pixelX, pixelY) + .5) / textureResolution;\n        return texture(tex, uv);\n    }\nfloat getDisplacementWeight(int index) {\n    float m = mod(float(index), 4.0);\n    if (m < 1.0) {\n        return cc_displacementWeights[index / 4].x;\n    } else if (m < 2.0) {\n        return cc_displacementWeights[index / 4].y;\n    } else if (m < 3.0) {\n        return cc_displacementWeights[index / 4].z;\n    } else {\n        return cc_displacementWeights[index / 4].w;\n    }\n}\nvec3 getVec3DisplacementFromTexture(sampler2D tex, int vertexIndex) {\n#if CC_MORPH_PRECOMPUTED\n    return fetchFlatPixel(tex, vertexIndex).rgb;\n#else\n    vec3 result = vec3(0, 0, 0);\n    for (int iTarget = 0; iTarget < CC_MORPH_TARGET_COUNT; ++iTarget) {\n        int dataPixelStart = int(fetchFlatPixel(tex, iTarget).r);\n        result += (fetchFlatPixel(tex, dataPixelStart + vertexIndex).rgb * getDisplacementWeight(iTarget));\n    }\n    return result;\n#endif\n}\n#if CC_MORPH_TARGET_HAS_POSITION\n    uniform sampler2D cc_PositionDisplacements;\n    vec3 getPositionDisplacement(int vertexId) {\n        return getVec3DisplacementFromTexture(cc_PositionDisplacements, vertexId);\n    }\n#endif\n#if CC_MORPH_TARGET_HAS_NORMAL\n    uniform sampler2D cc_NormalDisplacements;\n    vec3 getNormalDisplacement(int vertexId) {\n        return getVec3DisplacementFromTexture(cc_NormalDisplacements, vertexId);\n    }\n#endif\n#if CC_MORPH_TARGET_HAS_TANGENT\n    uniform sampler2D cc_TangentDisplacements;\n    vec3 getTangentDisplacement(int vertexId) {\n        return getVec3DisplacementFromTexture(cc_TangentDisplacements, vertexId);\n    }\n#endif\nvoid applyMorph (inout StandardVertInput attr) {\n    int vertexId = getVertexId();\n#if CC_MORPH_TARGET_HAS_POSITION\n    attr.position.xyz = attr.position.xyz + getPositionDisplacement(vertexId);\n#endif\n#if CC_MORPH_TARGET_HAS_NORMAL\n    attr.normal.xyz = attr.normal.xyz + getNormalDisplacement(vertexId);\n#endif\n#if CC_MORPH_TARGET_HAS_TANGENT\n    attr.tangent.xyz = attr.tangent.xyz + getTangentDisplacement(vertexId);\n#endif\n}\nvoid applyMorph (inout vec4 position) {\n#if CC_MORPH_TARGET_HAS_POSITION\n    position.xyz = position.xyz + getPositionDisplacement(getVertexId());\n#endif\n}\n#endif\n#if CC_USE_SKINNING\nin vec4 a_weights;\nin vec4 a_joints;\n#if CC_USE_BAKED_ANIMATION\n  #if USE_INSTANCING\n    in vec4 a_jointAnimInfo;\n  #endif\n  uniform CCSkinningTexture {\n    highp vec4 cc_jointTextureInfo;\n  };\n  uniform CCSkinningAnimation {\n    highp vec4 cc_jointAnimInfo;\n  };\n  uniform sampler2D cc_jointTexture;\n    #if !CC_SUPPORT_FLOAT_TEXTURE\n    highp float decode32 (highp vec4 rgba) {\n      rgba = rgba * 255.0;\n      highp float Sign = 1.0 - step(128.0, rgba[3]) * 2.0;\n      highp float Exponent = 2.0 * mod(rgba[3], 128.0) + step(128.0, rgba[2]) - 127.0;\n      highp float Mantissa = mod(rgba[2], 128.0) * 65536.0 + rgba[1] * 256.0 + rgba[0] + 8388608.0;\n      return Sign * exp2(Exponent - 23.0) * Mantissa;\n    }\n  #endif\n#else\n  uniform CCSkinning {\n    highp vec4 cc_joints[30 * 3];\n  };\n#endif\n#if CC_USE_BAKED_ANIMATION\n  #if CC_SUPPORT_FLOAT_TEXTURE\n    mat4 getJointMatrix (float i) {\n    #if USE_INSTANCING\n      highp float j = 3.0 * i + a_jointAnimInfo.x;\n    #else\n      highp float j = 3.0 * (cc_jointAnimInfo.x * cc_jointTextureInfo.y + i) + cc_jointTextureInfo.z;\n    #endif\n    highp float invSize = cc_jointTextureInfo.w;\n    highp float y = floor(j * invSize);\n    highp float x = j - y * cc_jointTextureInfo.x;\n    y = (y + 0.5) * invSize;\n      vec4 v1 = texture(cc_jointTexture, vec2((x + 0.5) * invSize, y));\n      vec4 v2 = texture(cc_jointTexture, vec2((x + 1.5) * invSize, y));\n      vec4 v3 = texture(cc_jointTexture, vec2((x + 2.5) * invSize, y));\n      return mat4(vec4(v1.xyz, 0.0), vec4(v2.xyz, 0.0), vec4(v3.xyz, 0.0), vec4(v1.w, v2.w, v3.w, 1.0));\n    }\n  #else\n    mat4 getJointMatrix (float i) {\n    #if USE_INSTANCING\n      highp float j = 12.0 * i + a_jointAnimInfo.x;\n    #else\n      highp float j = 12.0 * (cc_jointAnimInfo.x * cc_jointTextureInfo.y + i) + cc_jointTextureInfo.z;\n    #endif\n    highp float invSize = cc_jointTextureInfo.w;\n    highp float y = floor(j * invSize);\n    highp float x = j - y * cc_jointTextureInfo.x;\n    y = (y + 0.5) * invSize;\n      vec4 v1 = vec4(\n        decode32(texture(cc_jointTexture, vec2((x + 0.5) * invSize, y))),\n        decode32(texture(cc_jointTexture, vec2((x + 1.5) * invSize, y))),\n        decode32(texture(cc_jointTexture, vec2((x + 2.5) * invSize, y))),\n        decode32(texture(cc_jointTexture, vec2((x + 3.5) * invSize, y)))\n      );\n      vec4 v2 = vec4(\n        decode32(texture(cc_jointTexture, vec2((x + 4.5) * invSize, y))),\n        decode32(texture(cc_jointTexture, vec2((x + 5.5) * invSize, y))),\n        decode32(texture(cc_jointTexture, vec2((x + 6.5) * invSize, y))),\n        decode32(texture(cc_jointTexture, vec2((x + 7.5) * invSize, y)))\n      );\n      vec4 v3 = vec4(\n        decode32(texture(cc_jointTexture, vec2((x + 8.5) * invSize, y))),\n        decode32(texture(cc_jointTexture, vec2((x + 9.5) * invSize, y))),\n        decode32(texture(cc_jointTexture, vec2((x + 10.5) * invSize, y))),\n        decode32(texture(cc_jointTexture, vec2((x + 11.5) * invSize, y)))\n      );\n      return mat4(vec4(v1.xyz, 0.0), vec4(v2.xyz, 0.0), vec4(v3.xyz, 0.0), vec4(v1.w, v2.w, v3.w, 1.0));\n    }\n  #endif\n#else\n  mat4 getJointMatrix (float i) {\n    int idx = int(i);\n    vec4 v1 = cc_joints[idx * 3];\n    vec4 v2 = cc_joints[idx * 3 + 1];\n    vec4 v3 = cc_joints[idx * 3 + 2];\n    return mat4(vec4(v1.xyz, 0.0), vec4(v2.xyz, 0.0), vec4(v3.xyz, 0.0), vec4(v1.w, v2.w, v3.w, 1.0));\n  }\n#endif\nmat4 skinMatrix () {\n  return getJointMatrix(a_joints.x) * a_weights.x\n    + getJointMatrix(a_joints.y) * a_weights.y;\n    + getJointMatrix(a_joints.z) * a_weights.z;\n    + getJointMatrix(a_joints.w) * a_weights.w;\n}\nvoid CCSkin (inout vec4 position) {\n  mat4 m = skinMatrix();\n  position = m * position;\n}\nvoid CCSkin (inout StandardVertInput attr) {\n  mat4 m = skinMatrix();\n  attr.position = m * attr.position;\n  attr.normal = (m * vec4(attr.normal, 0.0)).xyz;\n  attr.tangent.xyz = (m * vec4(attr.tangent.xyz, 0.0)).xyz;\n}\n#endif\nuniform Constants {\n  vec4 tilingOffset;\n  vec4 albedo;\n  vec4 albedoScaleAndCutoff;\n  vec4 pbrParams;\n  vec4 emissive;\n  vec4 emissiveScaleParam;\n};\n#if USE_VERTEX_COLOR\n  in vec3 a_color;\n  out vec3 v_color;\n#endif\nout vec3 v_position;\nout vec3 v_normal;\n#if USE_NORMAL_MAP\n  out vec3 v_tangent;\n  out vec3 v_bitangent;\n#endif\nin vec2 a_texCoord;\nout vec2 v_uv;\nin vec2 a_texCoord1;\nout vec2 v_uv1;\nvec4 vert () {\n  StandardVertInput In;\n  In.position = vec4(a_position, 1.0);\n  In.normal = a_normal;\n  In.tangent = a_tangent;\n  #if CC_USE_MORPH\n    applyMorph(In);\n  #endif\n  #if CC_USE_SKINNING\n    CCSkin(In);\n  #endif\n  mat4 matWorld, matWorldIT;\n  #if USE_INSTANCING\n    matWorld = mat4(\n      vec4(a_matWorld0.xyz, 0.0),\n      vec4(a_matWorld1.xyz, 0.0),\n      vec4(a_matWorld2.xyz, 0.0),\n      vec4(a_matWorld0.w, a_matWorld1.w, a_matWorld2.w, 1.0)\n    );\n    matWorldIT = matWorld;\n  #elif USE_BATCHING\n    matWorld = cc_matWorlds[int(a_dyn_batch_id)];\n    matWorldIT = matWorld;\n  #else\n    matWorld = cc_matWorld;\n    matWorldIT = cc_matWorldIT;\n  #endif\n  vec4 pos = matWorld * In.position;\n  v_position = pos.xyz;\n  v_normal = normalize((matWorldIT * vec4(In.normal, 0.0)).xyz);\n  #if USE_NORMAL_MAP\n    v_tangent = normalize((matWorld * vec4(In.tangent.xyz, 0.0)).xyz);\n    v_bitangent = cross(v_normal, v_tangent) * In.tangent.w;\n  #endif\n  v_uv = a_texCoord * tilingOffset.xy + tilingOffset.zw;\n  #if HAS_SECOND_UV\n    v_uv1 = a_texCoord1 * tilingOffset.xy + tilingOffset.zw;\n  #endif\n  #if USE_VERTEX_COLOR\n    v_color = a_color;\n  #endif\n  return cc_matProj * (cc_matView * matWorld) * In.position;\n}\nvoid main() { gl_Position = vert(); }",
        "frag": "\nprecision highp float;\nuniform CCGlobal {\n  highp   vec4 cc_time;\n  mediump vec4 cc_screenSize;\n  mediump vec4 cc_screenScale;\n  mediump vec4 cc_nativeSize;\n  highp   mat4 cc_matView;\n  highp   mat4 cc_matViewInv;\n  highp   mat4 cc_matProj;\n  highp   mat4 cc_matProjInv;\n  highp   mat4 cc_matViewProj;\n  highp   mat4 cc_matViewProjInv;\n  highp   vec4 cc_cameraPos;\n  mediump vec4 cc_exposure;\n  mediump vec4 cc_mainLitDir;\n  mediump vec4 cc_mainLitColor;\n  mediump vec4 cc_ambientSky;\n  mediump vec4 cc_ambientGround;\n};\n#if CC_USE_IBL\nuniform samplerCube cc_environment;\nvec3 unpackRGBE (vec4 rgbe) {\n  return rgbe.rgb * pow(2.0, rgbe.a * 255.0 - 128.0);\n}\nvec4 fragTextureLod (sampler2D tex, vec2 coord, float lod) {\n    return textureLod(tex, coord, lod);\n}\nvec4 fragTextureLod (samplerCube tex, vec3 coord, float lod) {\n    return textureLod(tex, coord, lod);\n}\n#endif\nvec3 SRGBToLinear (vec3 gamma) {\n  return gamma * gamma;\n}\nuniform CCForwardLight {\n  highp vec4 cc_sphereLitPos[2];\n  vec4 cc_sphereLitSizeRange[2];\n  vec4 cc_sphereLitColor[2];\n  highp vec4 cc_spotLitPos[2];\n  vec4 cc_spotLitSizeRangeAngle[2];\n  vec4 cc_spotLitDir[2];\n  vec4 cc_spotLitColor[2];\n};\nfloat SmoothDistAtt (float distSqr, float invSqrAttRadius) {\n  float factor = distSqr * invSqrAttRadius;\n  float smoothFactor = clamp(1.0 - factor * factor, 0.0, 1.0);\n  return smoothFactor * smoothFactor;\n}\nfloat GetDistAtt (float distSqr, float invSqrAttRadius) {\n  float attenuation = 1.0 / max(distSqr, 0.01*0.01);\n  attenuation *= SmoothDistAtt(distSqr , invSqrAttRadius);\n  return attenuation;\n}\nfloat GetAngleAtt (vec3 L, vec3 litDir, float litAngleScale, float litAngleOffset) {\n  float cd = dot(litDir, L);\n  float attenuation = clamp(cd * litAngleScale + litAngleOffset, 0.0, 1.0);\n  return (attenuation * attenuation);\n}\nfloat GGXMobile (float roughness, float NoH, vec3 H, vec3 N) {\n  vec3 NxH = cross(N, H);\n  float OneMinusNoHSqr = dot(NxH, NxH);\n  float a = roughness * roughness;\n  float n = NoH * a;\n  float p = a / (OneMinusNoHSqr + n * n);\n  return p * p;\n}\nfloat CalcSpecular (float roughness, float NoH, vec3 H, vec3 N) {\n  return (roughness*0.25 + 0.25) * GGXMobile(roughness, NoH, H, N);\n}\nvec3 BRDFApprox (vec3 specular, float roughness, float NoV) {\n  const vec4 c0 = vec4(-1.0, -0.0275, -0.572, 0.022);\n  const vec4 c1 = vec4(1.0, 0.0425, 1.04, -0.04);\n  vec4 r = roughness * c0 + c1;\n  float a004 = min( r.x * r.x, exp2( -9.28 * NoV ) ) * r.x + r.y;\n  vec2 AB = vec2( -1.04, 1.04 ) * a004 + r.zw;\n  AB.y *= clamp(50.0 * specular.g, 0.0, 1.0);\n  return specular * AB.x + AB.y;\n}\nvec3 CalcDynamicLighting (vec3 worldPos, vec3 N, vec3 V, vec3 diffuse, vec3 specular, float roughness) {\n  vec3 lighting = vec3(0.0);\n  vec3 diffuseContrib = diffuse / 3.14159265359;\n  for (int i = 0; i < 2; i++) {\n    vec3 PLU = cc_sphereLitPos[i].xyz - worldPos;\n    vec3 PL = normalize(PLU);\n    vec3 PH = normalize(PL + V);\n    float PNL = max(dot(N, PL), 0.001);\n    float PNH = max(dot(N, PH), 0.0);\n    float distSqr = dot(PLU, PLU);\n    float litRadius = cc_sphereLitSizeRange[i].x;\n    float litRadiusSqr = litRadius * litRadius;\n    float illum = 3.14159265359 * (litRadiusSqr / max(litRadiusSqr , distSqr));\n    float attRadiusSqrInv = 1.0 / max(cc_sphereLitSizeRange[i].y, 0.01);\n    attRadiusSqrInv *= attRadiusSqrInv;\n    float att = GetDistAtt(distSqr, attRadiusSqrInv);\n    vec3 lspec = specular * CalcSpecular(roughness, PNH, PH, N);\n    lighting += PNL * cc_sphereLitColor[i].rgb * cc_sphereLitColor[i].w * illum * att * (diffuseContrib + lspec);\n  }\n  for (int i = 0; i < 2; i++) {\n    vec3 SLU = cc_spotLitPos[i].xyz - worldPos;\n    vec3 SL = normalize(SLU);\n    vec3 SH = normalize(SL + V);\n    float SNL = max(dot(N, SL), 0.001);\n    float SNH = max(dot(N, SH), 0.0);\n    float distSqr = dot(SLU, SLU);\n    float litRadius = cc_spotLitSizeRangeAngle[i].x;\n    float litRadiusSqr = litRadius * litRadius;\n    float illum = 3.14159265359 * (litRadiusSqr / max(litRadiusSqr , distSqr));\n    float attRadiusSqrInv = 1.0 / max(cc_spotLitSizeRangeAngle[i].y, 0.01);\n    attRadiusSqrInv *= attRadiusSqrInv;\n    float cosInner = max(dot(-cc_spotLitDir[i].xyz, SL), 0.01);\n    float cosOuter = cc_spotLitSizeRangeAngle[i].z;\n    float litAngleScale = 1.0 / max(0.001, cosInner - cosOuter);\n    float litAngleOffset = -cosOuter * litAngleScale;\n    float att = GetDistAtt(distSqr, attRadiusSqrInv);\n    att *= GetAngleAtt(SL, -cc_spotLitDir[i].xyz, litAngleScale, litAngleOffset);\n    vec3 lspec = specular * CalcSpecular(roughness, SNH, SH, N);\n    lighting += SNL * cc_spotLitColor[i].rgb * cc_spotLitColor[i].w * illum * att * (diffuseContrib + lspec);\n  }\n  return lighting;\n}\nstruct StandardSurface {\n  vec4 albedo;\n  vec3 position;\n  vec3 normal;\n  vec3 emissive;\n  float roughness;\n  float metallic;\n  float occlusion;\n};\nvec4 CCStandardShading (StandardSurface s) {\n  vec3 diffuse = s.albedo.rgb * (1.0 - s.metallic);\n  vec3 specular = mix(vec3(0.04), s.albedo.rgb, s.metallic);\n  vec3 N = normalize(s.normal);\n  vec3 V = normalize(cc_cameraPos.xyz - s.position);\n  vec3 L = normalize(-cc_mainLitDir.xyz);\n  vec3 H = normalize(L+V);\n  float NV = max(abs(dot(N, V)), 0.001);\n  float NL = max(dot(N, L), 0.001);\n  float NH = max(dot(N, H), 0.0);\n  specular = BRDFApprox(specular, s.roughness, NV);\n  vec3 diffuseContrib = diffuse / 3.14159265359;\n  vec3 specularContrib = specular * CalcSpecular(s.roughness, NH, H, N);\n  vec3 finalColor = NL * cc_mainLitColor.rgb * cc_mainLitColor.w * (diffuseContrib + specularContrib);\n  finalColor += CalcDynamicLighting(s.position, N, V, diffuse, specular, s.roughness);\n  float fAmb = 0.5 - N.y * 0.5;\n  vec3 ambDiff = mix(cc_ambientSky.rgb, cc_ambientGround.rgb, fAmb) * cc_ambientSky.w;\n  finalColor += (ambDiff.rgb * diffuse);\n  #if CC_USE_IBL\n    vec3 R = normalize(reflect(-V, N));\n    vec4 envmap = fragTextureLod(cc_environment, R, s.roughness * cc_ambientGround.w);\n    #if CC_USE_IBL == 2\n      vec3 env = unpackRGBE(envmap);\n    #else\n      vec3 env = SRGBToLinear(envmap.rgb);\n    #endif\n    finalColor += env * cc_ambientSky.w * specular;\n  #endif\n  finalColor = finalColor * s.occlusion;\n  #if CC_USE_HDR\n    s.emissive *= cc_exposure.w;\n  #endif\n  finalColor += s.emissive;\n  return vec4(finalColor, s.albedo.a);\n}\nvec3 ACESToneMap (vec3 color) {\n  color = min(color, vec3(8.0));\n  const float A = 2.51;\n  const float B = 0.03;\n  const float C = 2.43;\n  const float D = 0.59;\n  const float E = 0.14;\n  return (color * (A * color + B)) / (color * (C * color + D) + E);\n}\nvec4 CCFragOutput (vec4 color) {\n  #if !CC_USE_HDR\n    color.rgb = sqrt(ACESToneMap(color.rgb));\n  #endif\n  return color;\n}\nuniform Constants {\n  vec4 tilingOffset;\n  vec4 albedo;\n  vec4 albedoScaleAndCutoff;\n  vec4 pbrParams;\n  vec4 emissive;\n  vec4 emissiveScaleParam;\n};\nin vec3 v_position;\nin vec2 v_uv;\nin vec2 v_uv1;\nin vec3 v_normal;\n#if USE_VERTEX_COLOR\n  in vec3 v_color;\n#endif\n#if USE_ALBEDO_MAP\n  uniform sampler2D albedoMap;\n#endif\n#if USE_NORMAL_MAP\n  in vec3 v_tangent;\n  in vec3 v_bitangent;\n  uniform sampler2D normalMap;\n#endif\n#if USE_PBR_MAP\n  uniform sampler2D pbrMap;\n#endif\n#if USE_METALLIC_ROUGHNESS_MAP\n  uniform sampler2D metallicRoughnessMap;\n#endif\n#if USE_OCCLUSION_MAP\n  uniform sampler2D occlusionMap;\n#endif\n#if USE_EMISSIVE_MAP\n  uniform sampler2D emissiveMap;\n#endif\n#if USE_ALPHA_TEST\n#endif\nvoid surf (out StandardSurface s) {\n  vec4 baseColor = albedo;\n  #if USE_VERTEX_COLOR\n    baseColor.rgb *= v_color;\n  #endif\n  #if USE_ALBEDO_MAP\n    vec4 texColor = texture(albedoMap, ALBEDO_UV);\n    texColor.rgb = SRGBToLinear(texColor.rgb);\n    baseColor *= texColor;\n  #endif\n  s.albedo = baseColor;\n  s.albedo.rgb *= albedoScaleAndCutoff.xyz;\n  #if USE_ALPHA_TEST\n    if (s.albedo.ALPHA_TEST_CHANNEL < albedoScaleAndCutoff.w) discard;\n  #endif\n  s.normal = v_normal;\n  #if USE_NORMAL_MAP\n    vec3 nmmp = texture(normalMap, NORMAL_UV).xyz - vec3(0.5);\n    s.normal =\n      (nmmp.x * pbrParams.w) * normalize(v_tangent) +\n      (nmmp.y * pbrParams.w) * normalize(v_bitangent) +\n      nmmp.z * normalize(s.normal);\n  #endif\n  s.position = v_position;\n  vec4 pbr = pbrParams;\n  #if USE_PBR_MAP\n    vec4 res = texture(pbrMap, PBR_UV);\n    pbr.x *= res.OCCLUSION_CHANNEL;\n    pbr.y *= res.ROUGHNESS_CHANNEL;\n    pbr.z *= res.METALLIC_CHANNEL;\n  #endif\n  #if USE_METALLIC_ROUGHNESS_MAP\n    vec4 metallicRoughness = texture(metallicRoughnessMap, METALLIC_ROUGHNESS_UV);\n    pbr.z *= metallicRoughness.METALLIC_CHANNEL;\n    pbr.y *= metallicRoughness.ROUGHNESS_CHANNEL;\n  #endif\n  #if USE_OCCLUSION_MAP\n    pbr.x *= texture(occlusionMap, OCCLUSION_UV).OCCLUSION_CHANNEL;\n  #endif\n  s.occlusion = clamp(pbr.x, 0.0, 0.96);\n  s.roughness = clamp(pbr.y, 0.04, 1.0);\n  s.metallic = pbr.z;\n  s.emissive = emissive.rgb * emissiveScaleParam.xyz;\n  #if USE_EMISSIVE_MAP\n    s.emissive *= SRGBToLinear(texture(emissiveMap, EMISSIVE_UV).rgb);\n  #endif\n}\nvec4 frag () {\n  StandardSurface s; surf(s);\n  vec4 color = CCStandardShading(s);\n  return CCFragOutput(color);\n}\nout vec4 cc_FragColor;\nvoid main() { cc_FragColor = frag(); }"
      },
      "glsl1": {
        "vert": "\nprecision highp float;\nuniform highp mat4 cc_matView;\nuniform highp mat4 cc_matProj;\n#if USE_INSTANCING\n  attribute vec4 a_matWorld0;\n  attribute vec4 a_matWorld1;\n  attribute vec4 a_matWorld2;\n#elif USE_BATCHING\n  attribute float a_dyn_batch_id;\n  uniform highp mat4 cc_matWorlds[10];\n#else\nuniform highp mat4 cc_matWorld;\nuniform highp mat4 cc_matWorldIT;\n#endif\nstruct StandardVertInput {\n  highp vec4 position;\n  vec3 normal;\n  vec4 tangent;\n};\nattribute vec3 a_position;\nattribute vec3 a_normal;\nattribute vec4 a_tangent;\n#if CC_USE_MORPH\n    attribute float a_vertexId;\n    int getVertexId() {\n        return int(a_vertexId);\n    }\nuniform vec4 cc_displacementWeights[15];\nuniform vec4 cc_displacementTextureInfo;\n    vec4 fetchFlatPixel(sampler2D tex, int pixelIndex) {\n        float pixelIndexF = float(pixelIndex);\n        vec2 textureResolution = vec2(float(cc_displacementTextureInfo.x), float(cc_displacementTextureInfo.y));\n        float pixelX = mod(pixelIndexF, textureResolution.x);\n        float pixelY = floor(pixelIndexF / textureResolution.x);\n        vec2 uv = (vec2(pixelX, pixelY) + .5) / textureResolution;\n        return texture2D(tex, uv);\n    }\nfloat getDisplacementWeight(int index) {\n    float m = mod(float(index), 4.0);\n    if (m < 1.0) {\n        return cc_displacementWeights[index / 4].x;\n    } else if (m < 2.0) {\n        return cc_displacementWeights[index / 4].y;\n    } else if (m < 3.0) {\n        return cc_displacementWeights[index / 4].z;\n    } else {\n        return cc_displacementWeights[index / 4].w;\n    }\n}\nvec3 getVec3DisplacementFromTexture(sampler2D tex, int vertexIndex) {\n#if CC_MORPH_PRECOMPUTED\n    return fetchFlatPixel(tex, vertexIndex).rgb;\n#else\n    vec3 result = vec3(0, 0, 0);\n    for (int iTarget = 0; iTarget < CC_MORPH_TARGET_COUNT; ++iTarget) {\n        int dataPixelStart = int(fetchFlatPixel(tex, iTarget).r);\n        result += (fetchFlatPixel(tex, dataPixelStart + vertexIndex).rgb * getDisplacementWeight(iTarget));\n    }\n    return result;\n#endif\n}\n#if CC_MORPH_TARGET_HAS_POSITION\n    uniform sampler2D cc_PositionDisplacements;\n    vec3 getPositionDisplacement(int vertexId) {\n        return getVec3DisplacementFromTexture(cc_PositionDisplacements, vertexId);\n    }\n#endif\n#if CC_MORPH_TARGET_HAS_NORMAL\n    uniform sampler2D cc_NormalDisplacements;\n    vec3 getNormalDisplacement(int vertexId) {\n        return getVec3DisplacementFromTexture(cc_NormalDisplacements, vertexId);\n    }\n#endif\n#if CC_MORPH_TARGET_HAS_TANGENT\n    uniform sampler2D cc_TangentDisplacements;\n    vec3 getTangentDisplacement(int vertexId) {\n        return getVec3DisplacementFromTexture(cc_TangentDisplacements, vertexId);\n    }\n#endif\nvoid applyMorph (inout StandardVertInput attr) {\n    int vertexId = getVertexId();\n#if CC_MORPH_TARGET_HAS_POSITION\n    attr.position.xyz = attr.position.xyz + getPositionDisplacement(vertexId);\n#endif\n#if CC_MORPH_TARGET_HAS_NORMAL\n    attr.normal.xyz = attr.normal.xyz + getNormalDisplacement(vertexId);\n#endif\n#if CC_MORPH_TARGET_HAS_TANGENT\n    attr.tangent.xyz = attr.tangent.xyz + getTangentDisplacement(vertexId);\n#endif\n}\nvoid applyMorph (inout vec4 position) {\n#if CC_MORPH_TARGET_HAS_POSITION\n    position.xyz = position.xyz + getPositionDisplacement(getVertexId());\n#endif\n}\n#endif\n#if CC_USE_SKINNING\nattribute vec4 a_weights;\nattribute vec4 a_joints;\n#if CC_USE_BAKED_ANIMATION\n  #if USE_INSTANCING\n    attribute vec4 a_jointAnimInfo;\n  #endif\n  uniform highp vec4 cc_jointTextureInfo;\n  uniform highp vec4 cc_jointAnimInfo;\n  uniform sampler2D cc_jointTexture;\n    #if !CC_SUPPORT_FLOAT_TEXTURE\n    highp float decode32 (highp vec4 rgba) {\n      rgba = rgba * 255.0;\n      highp float Sign = 1.0 - step(128.0, rgba[3]) * 2.0;\n      highp float Exponent = 2.0 * mod(rgba[3], 128.0) + step(128.0, rgba[2]) - 127.0;\n      highp float Mantissa = mod(rgba[2], 128.0) * 65536.0 + rgba[1] * 256.0 + rgba[0] + 8388608.0;\n      return Sign * exp2(Exponent - 23.0) * Mantissa;\n    }\n  #endif\n#else\n  uniform highp vec4 cc_joints[90];\n#endif\n#if CC_USE_BAKED_ANIMATION\n  #if CC_SUPPORT_FLOAT_TEXTURE\n    mat4 getJointMatrix (float i) {\n    #if USE_INSTANCING\n      highp float j = 3.0 * i + a_jointAnimInfo.x;\n    #else\n      highp float j = 3.0 * (cc_jointAnimInfo.x * cc_jointTextureInfo.y + i) + cc_jointTextureInfo.z;\n    #endif\n    highp float invSize = cc_jointTextureInfo.w;\n    highp float y = floor(j * invSize);\n    highp float x = j - y * cc_jointTextureInfo.x;\n    y = (y + 0.5) * invSize;\n      vec4 v1 = texture2D(cc_jointTexture, vec2((x + 0.5) * invSize, y));\n      vec4 v2 = texture2D(cc_jointTexture, vec2((x + 1.5) * invSize, y));\n      vec4 v3 = texture2D(cc_jointTexture, vec2((x + 2.5) * invSize, y));\n      return mat4(vec4(v1.xyz, 0.0), vec4(v2.xyz, 0.0), vec4(v3.xyz, 0.0), vec4(v1.w, v2.w, v3.w, 1.0));\n    }\n  #else\n    mat4 getJointMatrix (float i) {\n    #if USE_INSTANCING\n      highp float j = 12.0 * i + a_jointAnimInfo.x;\n    #else\n      highp float j = 12.0 * (cc_jointAnimInfo.x * cc_jointTextureInfo.y + i) + cc_jointTextureInfo.z;\n    #endif\n    highp float invSize = cc_jointTextureInfo.w;\n    highp float y = floor(j * invSize);\n    highp float x = j - y * cc_jointTextureInfo.x;\n    y = (y + 0.5) * invSize;\n      vec4 v1 = vec4(\n        decode32(texture2D(cc_jointTexture, vec2((x + 0.5) * invSize, y))),\n        decode32(texture2D(cc_jointTexture, vec2((x + 1.5) * invSize, y))),\n        decode32(texture2D(cc_jointTexture, vec2((x + 2.5) * invSize, y))),\n        decode32(texture2D(cc_jointTexture, vec2((x + 3.5) * invSize, y)))\n      );\n      vec4 v2 = vec4(\n        decode32(texture2D(cc_jointTexture, vec2((x + 4.5) * invSize, y))),\n        decode32(texture2D(cc_jointTexture, vec2((x + 5.5) * invSize, y))),\n        decode32(texture2D(cc_jointTexture, vec2((x + 6.5) * invSize, y))),\n        decode32(texture2D(cc_jointTexture, vec2((x + 7.5) * invSize, y)))\n      );\n      vec4 v3 = vec4(\n        decode32(texture2D(cc_jointTexture, vec2((x + 8.5) * invSize, y))),\n        decode32(texture2D(cc_jointTexture, vec2((x + 9.5) * invSize, y))),\n        decode32(texture2D(cc_jointTexture, vec2((x + 10.5) * invSize, y))),\n        decode32(texture2D(cc_jointTexture, vec2((x + 11.5) * invSize, y)))\n      );\n      return mat4(vec4(v1.xyz, 0.0), vec4(v2.xyz, 0.0), vec4(v3.xyz, 0.0), vec4(v1.w, v2.w, v3.w, 1.0));\n    }\n  #endif\n#else\n  mat4 getJointMatrix (float i) {\n    int idx = int(i);\n    vec4 v1 = cc_joints[idx * 3];\n    vec4 v2 = cc_joints[idx * 3 + 1];\n    vec4 v3 = cc_joints[idx * 3 + 2];\n    return mat4(vec4(v1.xyz, 0.0), vec4(v2.xyz, 0.0), vec4(v3.xyz, 0.0), vec4(v1.w, v2.w, v3.w, 1.0));\n  }\n#endif\nmat4 skinMatrix () {\n  return getJointMatrix(a_joints.x) * a_weights.x\n    + getJointMatrix(a_joints.y) * a_weights.y;\n    + getJointMatrix(a_joints.z) * a_weights.z;\n    + getJointMatrix(a_joints.w) * a_weights.w;\n}\nvoid CCSkin (inout vec4 position) {\n  mat4 m = skinMatrix();\n  position = m * position;\n}\nvoid CCSkin (inout StandardVertInput attr) {\n  mat4 m = skinMatrix();\n  attr.position = m * attr.position;\n  attr.normal = (m * vec4(attr.normal, 0.0)).xyz;\n  attr.tangent.xyz = (m * vec4(attr.tangent.xyz, 0.0)).xyz;\n}\n#endif\nuniform vec4 tilingOffset;\n#if USE_VERTEX_COLOR\n  attribute vec3 a_color;\n  varying vec3 v_color;\n#endif\nvarying vec3 v_position;\nvarying vec3 v_normal;\n#if USE_NORMAL_MAP\n  varying vec3 v_tangent;\n  varying vec3 v_bitangent;\n#endif\nattribute vec2 a_texCoord;\nvarying vec2 v_uv;\nattribute vec2 a_texCoord1;\nvarying vec2 v_uv1;\nvec4 vert () {\n  StandardVertInput In;\n  In.position = vec4(a_position, 1.0);\n  In.normal = a_normal;\n  In.tangent = a_tangent;\n  #if CC_USE_MORPH\n    applyMorph(In);\n  #endif\n  #if CC_USE_SKINNING\n    CCSkin(In);\n  #endif\n  mat4 matWorld, matWorldIT;\n  #if USE_INSTANCING\n    matWorld = mat4(\n      vec4(a_matWorld0.xyz, 0.0),\n      vec4(a_matWorld1.xyz, 0.0),\n      vec4(a_matWorld2.xyz, 0.0),\n      vec4(a_matWorld0.w, a_matWorld1.w, a_matWorld2.w, 1.0)\n    );\n    matWorldIT = matWorld;\n  #elif USE_BATCHING\n    matWorld = cc_matWorlds[int(a_dyn_batch_id)];\n    matWorldIT = matWorld;\n  #else\n    matWorld = cc_matWorld;\n    matWorldIT = cc_matWorldIT;\n  #endif\n  vec4 pos = matWorld * In.position;\n  v_position = pos.xyz;\n  v_normal = normalize((matWorldIT * vec4(In.normal, 0.0)).xyz);\n  #if USE_NORMAL_MAP\n    v_tangent = normalize((matWorld * vec4(In.tangent.xyz, 0.0)).xyz);\n    v_bitangent = cross(v_normal, v_tangent) * In.tangent.w;\n  #endif\n  v_uv = a_texCoord * tilingOffset.xy + tilingOffset.zw;\n  #if HAS_SECOND_UV\n    v_uv1 = a_texCoord1 * tilingOffset.xy + tilingOffset.zw;\n  #endif\n  #if USE_VERTEX_COLOR\n    v_color = a_color;\n  #endif\n  return cc_matProj * (cc_matView * matWorld) * In.position;\n}\nvoid main() { gl_Position = vert(); }",
        "frag": "\n  #ifdef GL_EXT_shader_texture_lod\n    #extension GL_EXT_shader_texture_lod : enable\n  #endif\nprecision highp float;\nuniform highp vec4 cc_cameraPos;\nuniform mediump vec4 cc_exposure;\nuniform mediump vec4 cc_mainLitDir;\nuniform mediump vec4 cc_mainLitColor;\nuniform mediump vec4 cc_ambientSky;\nuniform mediump vec4 cc_ambientGround;\n#if CC_USE_IBL\nuniform samplerCube cc_environment;\nvec3 unpackRGBE (vec4 rgbe) {\n  return rgbe.rgb * pow(2.0, rgbe.a * 255.0 - 128.0);\n}\nvec4 fragTextureLod (sampler2D tex, vec2 coord, float lod) {\n    #ifdef GL_EXT_shader_texture_lod\n      return texture2DLodEXT(tex, coord, lod);\n    #else\n      return texture2D(tex, coord, lod);\n    #endif\n}\nvec4 fragTextureLod (samplerCube tex, vec3 coord, float lod) {\n    #ifdef GL_EXT_shader_texture_lod\n      return textureCubeLodEXT(tex, coord, lod);\n    #else\n      return textureCube(tex, coord, lod);\n    #endif\n}\n#endif\nvec3 SRGBToLinear (vec3 gamma) {\n  return gamma * gamma;\n}\nuniform highp vec4 cc_sphereLitPos[2];\nuniform vec4 cc_sphereLitSizeRange[2];\nuniform vec4 cc_sphereLitColor[2];\nuniform highp vec4 cc_spotLitPos[2];\nuniform vec4 cc_spotLitSizeRangeAngle[2];\nuniform vec4 cc_spotLitDir[2];\nuniform vec4 cc_spotLitColor[2];\nfloat SmoothDistAtt (float distSqr, float invSqrAttRadius) {\n  float factor = distSqr * invSqrAttRadius;\n  float smoothFactor = clamp(1.0 - factor * factor, 0.0, 1.0);\n  return smoothFactor * smoothFactor;\n}\nfloat GetDistAtt (float distSqr, float invSqrAttRadius) {\n  float attenuation = 1.0 / max(distSqr, 0.01*0.01);\n  attenuation *= SmoothDistAtt(distSqr , invSqrAttRadius);\n  return attenuation;\n}\nfloat GetAngleAtt (vec3 L, vec3 litDir, float litAngleScale, float litAngleOffset) {\n  float cd = dot(litDir, L);\n  float attenuation = clamp(cd * litAngleScale + litAngleOffset, 0.0, 1.0);\n  return (attenuation * attenuation);\n}\nfloat GGXMobile (float roughness, float NoH, vec3 H, vec3 N) {\n  vec3 NxH = cross(N, H);\n  float OneMinusNoHSqr = dot(NxH, NxH);\n  float a = roughness * roughness;\n  float n = NoH * a;\n  float p = a / (OneMinusNoHSqr + n * n);\n  return p * p;\n}\nfloat CalcSpecular (float roughness, float NoH, vec3 H, vec3 N) {\n  return (roughness*0.25 + 0.25) * GGXMobile(roughness, NoH, H, N);\n}\nvec3 BRDFApprox (vec3 specular, float roughness, float NoV) {\n  const vec4 c0 = vec4(-1.0, -0.0275, -0.572, 0.022);\n  const vec4 c1 = vec4(1.0, 0.0425, 1.04, -0.04);\n  vec4 r = roughness * c0 + c1;\n  float a004 = min( r.x * r.x, exp2( -9.28 * NoV ) ) * r.x + r.y;\n  vec2 AB = vec2( -1.04, 1.04 ) * a004 + r.zw;\n  AB.y *= clamp(50.0 * specular.g, 0.0, 1.0);\n  return specular * AB.x + AB.y;\n}\nvec3 CalcDynamicLighting (vec3 worldPos, vec3 N, vec3 V, vec3 diffuse, vec3 specular, float roughness) {\n  vec3 lighting = vec3(0.0);\n  vec3 diffuseContrib = diffuse / 3.14159265359;\n  for (int i = 0; i < 2; i++) {\n    vec3 PLU = cc_sphereLitPos[i].xyz - worldPos;\n    vec3 PL = normalize(PLU);\n    vec3 PH = normalize(PL + V);\n    float PNL = max(dot(N, PL), 0.001);\n    float PNH = max(dot(N, PH), 0.0);\n    float distSqr = dot(PLU, PLU);\n    float litRadius = cc_sphereLitSizeRange[i].x;\n    float litRadiusSqr = litRadius * litRadius;\n    float illum = 3.14159265359 * (litRadiusSqr / max(litRadiusSqr , distSqr));\n    float attRadiusSqrInv = 1.0 / max(cc_sphereLitSizeRange[i].y, 0.01);\n    attRadiusSqrInv *= attRadiusSqrInv;\n    float att = GetDistAtt(distSqr, attRadiusSqrInv);\n    vec3 lspec = specular * CalcSpecular(roughness, PNH, PH, N);\n    lighting += PNL * cc_sphereLitColor[i].rgb * cc_sphereLitColor[i].w * illum * att * (diffuseContrib + lspec);\n  }\n  for (int i = 0; i < 2; i++) {\n    vec3 SLU = cc_spotLitPos[i].xyz - worldPos;\n    vec3 SL = normalize(SLU);\n    vec3 SH = normalize(SL + V);\n    float SNL = max(dot(N, SL), 0.001);\n    float SNH = max(dot(N, SH), 0.0);\n    float distSqr = dot(SLU, SLU);\n    float litRadius = cc_spotLitSizeRangeAngle[i].x;\n    float litRadiusSqr = litRadius * litRadius;\n    float illum = 3.14159265359 * (litRadiusSqr / max(litRadiusSqr , distSqr));\n    float attRadiusSqrInv = 1.0 / max(cc_spotLitSizeRangeAngle[i].y, 0.01);\n    attRadiusSqrInv *= attRadiusSqrInv;\n    float cosInner = max(dot(-cc_spotLitDir[i].xyz, SL), 0.01);\n    float cosOuter = cc_spotLitSizeRangeAngle[i].z;\n    float litAngleScale = 1.0 / max(0.001, cosInner - cosOuter);\n    float litAngleOffset = -cosOuter * litAngleScale;\n    float att = GetDistAtt(distSqr, attRadiusSqrInv);\n    att *= GetAngleAtt(SL, -cc_spotLitDir[i].xyz, litAngleScale, litAngleOffset);\n    vec3 lspec = specular * CalcSpecular(roughness, SNH, SH, N);\n    lighting += SNL * cc_spotLitColor[i].rgb * cc_spotLitColor[i].w * illum * att * (diffuseContrib + lspec);\n  }\n  return lighting;\n}\nstruct StandardSurface {\n  vec4 albedo;\n  vec3 position;\n  vec3 normal;\n  vec3 emissive;\n  float roughness;\n  float metallic;\n  float occlusion;\n};\nvec4 CCStandardShading (StandardSurface s) {\n  vec3 diffuse = s.albedo.rgb * (1.0 - s.metallic);\n  vec3 specular = mix(vec3(0.04), s.albedo.rgb, s.metallic);\n  vec3 N = normalize(s.normal);\n  vec3 V = normalize(cc_cameraPos.xyz - s.position);\n  vec3 L = normalize(-cc_mainLitDir.xyz);\n  vec3 H = normalize(L+V);\n  float NV = max(abs(dot(N, V)), 0.001);\n  float NL = max(dot(N, L), 0.001);\n  float NH = max(dot(N, H), 0.0);\n  specular = BRDFApprox(specular, s.roughness, NV);\n  vec3 diffuseContrib = diffuse / 3.14159265359;\n  vec3 specularContrib = specular * CalcSpecular(s.roughness, NH, H, N);\n  vec3 finalColor = NL * cc_mainLitColor.rgb * cc_mainLitColor.w * (diffuseContrib + specularContrib);\n  finalColor += CalcDynamicLighting(s.position, N, V, diffuse, specular, s.roughness);\n  float fAmb = 0.5 - N.y * 0.5;\n  vec3 ambDiff = mix(cc_ambientSky.rgb, cc_ambientGround.rgb, fAmb) * cc_ambientSky.w;\n  finalColor += (ambDiff.rgb * diffuse);\n  #if CC_USE_IBL\n    vec3 R = normalize(reflect(-V, N));\n    vec4 envmap = fragTextureLod(cc_environment, R, s.roughness * cc_ambientGround.w);\n    #if CC_USE_IBL == 2\n      vec3 env = unpackRGBE(envmap);\n    #else\n      vec3 env = SRGBToLinear(envmap.rgb);\n    #endif\n    finalColor += env * cc_ambientSky.w * specular;\n  #endif\n  finalColor = finalColor * s.occlusion;\n  #if CC_USE_HDR\n    s.emissive *= cc_exposure.w;\n  #endif\n  finalColor += s.emissive;\n  return vec4(finalColor, s.albedo.a);\n}\nvec3 ACESToneMap (vec3 color) {\n  color = min(color, vec3(8.0));\n  const float A = 2.51;\n  const float B = 0.03;\n  const float C = 2.43;\n  const float D = 0.59;\n  const float E = 0.14;\n  return (color * (A * color + B)) / (color * (C * color + D) + E);\n}\nvec4 CCFragOutput (vec4 color) {\n  #if !CC_USE_HDR\n    color.rgb = sqrt(ACESToneMap(color.rgb));\n  #endif\n  return color;\n}\nuniform vec4 albedo;\nuniform vec4 albedoScaleAndCutoff;\nuniform vec4 pbrParams;\nuniform vec4 emissive;\nuniform vec4 emissiveScaleParam;\nvarying vec3 v_position;\nvarying vec2 v_uv;\nvarying vec2 v_uv1;\nvarying vec3 v_normal;\n#if USE_VERTEX_COLOR\n  varying vec3 v_color;\n#endif\n#if USE_ALBEDO_MAP\n  uniform sampler2D albedoMap;\n#endif\n#if USE_NORMAL_MAP\n  varying vec3 v_tangent;\n  varying vec3 v_bitangent;\n  uniform sampler2D normalMap;\n#endif\n#if USE_PBR_MAP\n  uniform sampler2D pbrMap;\n#endif\n#if USE_METALLIC_ROUGHNESS_MAP\n  uniform sampler2D metallicRoughnessMap;\n#endif\n#if USE_OCCLUSION_MAP\n  uniform sampler2D occlusionMap;\n#endif\n#if USE_EMISSIVE_MAP\n  uniform sampler2D emissiveMap;\n#endif\n#if USE_ALPHA_TEST\n#endif\nvoid surf (out StandardSurface s) {\n  vec4 baseColor = albedo;\n  #if USE_VERTEX_COLOR\n    baseColor.rgb *= v_color;\n  #endif\n  #if USE_ALBEDO_MAP\n    vec4 texColor = texture2D(albedoMap, ALBEDO_UV);\n    texColor.rgb = SRGBToLinear(texColor.rgb);\n    baseColor *= texColor;\n  #endif\n  s.albedo = baseColor;\n  s.albedo.rgb *= albedoScaleAndCutoff.xyz;\n  #if USE_ALPHA_TEST\n    if (s.albedo.ALPHA_TEST_CHANNEL < albedoScaleAndCutoff.w) discard;\n  #endif\n  s.normal = v_normal;\n  #if USE_NORMAL_MAP\n    vec3 nmmp = texture2D(normalMap, NORMAL_UV).xyz - vec3(0.5);\n    s.normal =\n      (nmmp.x * pbrParams.w) * normalize(v_tangent) +\n      (nmmp.y * pbrParams.w) * normalize(v_bitangent) +\n      nmmp.z * normalize(s.normal);\n  #endif\n  s.position = v_position;\n  vec4 pbr = pbrParams;\n  #if USE_PBR_MAP\n    vec4 res = texture2D(pbrMap, PBR_UV);\n    pbr.x *= res.OCCLUSION_CHANNEL;\n    pbr.y *= res.ROUGHNESS_CHANNEL;\n    pbr.z *= res.METALLIC_CHANNEL;\n  #endif\n  #if USE_METALLIC_ROUGHNESS_MAP\n    vec4 metallicRoughness = texture2D(metallicRoughnessMap, METALLIC_ROUGHNESS_UV);\n    pbr.z *= metallicRoughness.METALLIC_CHANNEL;\n    pbr.y *= metallicRoughness.ROUGHNESS_CHANNEL;\n  #endif\n  #if USE_OCCLUSION_MAP\n    pbr.x *= texture2D(occlusionMap, OCCLUSION_UV).OCCLUSION_CHANNEL;\n  #endif\n  s.occlusion = clamp(pbr.x, 0.0, 0.96);\n  s.roughness = clamp(pbr.y, 0.04, 1.0);\n  s.metallic = pbr.z;\n  s.emissive = emissive.rgb * emissiveScaleParam.xyz;\n  #if USE_EMISSIVE_MAP\n    s.emissive *= SRGBToLinear(texture2D(emissiveMap, EMISSIVE_UV).rgb);\n  #endif\n}\nvec4 frag () {\n  StandardSurface s; surf(s);\n  vec4 color = CCStandardShading(s);\n  return CCFragOutput(color);\n}\nvoid main() { gl_FragColor = frag(); }"
      },
      "builtins": {
        "globals": {
          "blocks": [
            {
              "name": "CCGlobal",
              "defines": []
            }
          ],
          "samplers": [
            {
              "name": "cc_environment",
              "defines": [
                "CC_USE_IBL"
              ]
            }
          ]
        },
        "locals": {
          "blocks": [
            {
              "name": "CCLocalBatched",
              "defines": [
                "!USE_INSTANCING",
                "USE_BATCHING"
              ]
            },
            {
              "name": "CCLocal",
              "defines": [
                "!USE_INSTANCING",
                "!USE_BATCHING"
              ]
            },
            {
              "name": "CCMorph",
              "defines": [
                "CC_USE_MORPH"
              ]
            },
            {
              "name": "CCSkinningTexture",
              "defines": [
                "CC_USE_SKINNING",
                "CC_USE_BAKED_ANIMATION"
              ]
            },
            {
              "name": "CCSkinningAnimation",
              "defines": [
                "CC_USE_SKINNING",
                "CC_USE_BAKED_ANIMATION"
              ]
            },
            {
              "name": "CCSkinning",
              "defines": [
                "CC_USE_SKINNING",
                "!CC_USE_BAKED_ANIMATION"
              ]
            },
            {
              "name": "CCForwardLight",
              "defines": []
            }
          ],
          "samplers": [
            {
              "name": "cc_PositionDisplacements",
              "defines": [
                "CC_USE_MORPH",
                "CC_MORPH_TARGET_HAS_POSITION"
              ]
            },
            {
              "name": "cc_NormalDisplacements",
              "defines": [
                "CC_USE_MORPH",
                "CC_MORPH_TARGET_HAS_NORMAL"
              ]
            },
            {
              "name": "cc_TangentDisplacements",
              "defines": [
                "CC_USE_MORPH",
                "CC_MORPH_TARGET_HAS_TANGENT"
              ]
            },
            {
              "name": "cc_jointTexture",
              "defines": [
                "CC_USE_SKINNING",
                "CC_USE_BAKED_ANIMATION"
              ]
            }
          ]
        }
      },
      "defines": [
        {
          "name": "USE_INSTANCING",
          "type": "boolean",
          "defines": [],
          "editor": {
            "elevated": true
          }
        },
        {
          "name": "USE_BATCHING",
          "type": "boolean",
          "defines": [],
          "editor": {
            "elevated": true
          }
        },
        {
          "name": "CC_USE_MORPH",
          "type": "boolean",
          "defines": []
        },
        {
          "name": "CC_MORPH_TARGET_COUNT",
          "type": "number",
          "defines": [
            "CC_USE_MORPH"
          ],
          "range": [
            2,
            8
          ]
        },
        {
          "name": "CC_MORPH_PRECOMPUTED",
          "type": "boolean",
          "defines": [
            "CC_USE_MORPH"
          ]
        },
        {
          "name": "CC_MORPH_TARGET_HAS_POSITION",
          "type": "boolean",
          "defines": [
            "CC_USE_MORPH"
          ]
        },
        {
          "name": "CC_MORPH_TARGET_HAS_NORMAL",
          "type": "boolean",
          "defines": [
            "CC_USE_MORPH"
          ]
        },
        {
          "name": "CC_MORPH_TARGET_HAS_TANGENT",
          "type": "boolean",
          "defines": [
            "CC_USE_MORPH"
          ]
        },
        {
          "name": "CC_USE_SKINNING",
          "type": "boolean",
          "defines": []
        },
        {
          "name": "CC_USE_BAKED_ANIMATION",
          "type": "boolean",
          "defines": [
            "CC_USE_SKINNING"
          ]
        },
        {
          "name": "CC_SUPPORT_FLOAT_TEXTURE",
          "type": "boolean",
          "defines": [
            "CC_USE_SKINNING",
            "CC_USE_BAKED_ANIMATION"
          ]
        },
        {
          "name": "USE_VERTEX_COLOR",
          "type": "boolean",
          "defines": []
        },
        {
          "name": "USE_NORMAL_MAP",
          "type": "boolean",
          "defines": []
        },
        {
          "name": "HAS_SECOND_UV",
          "type": "boolean",
          "defines": []
        },
        {
          "name": "CC_USE_IBL",
          "type": "number",
          "defines": [],
          "range": [
            0,
            2
          ]
        },
        {
          "name": "CC_USE_HDR",
          "type": "boolean",
          "defines": []
        },
        {
          "name": "USE_ALBEDO_MAP",
          "type": "boolean",
          "defines": []
        },
        {
          "name": "ALBEDO_UV",
          "type": "string",
          "defines": [
            "USE_ALBEDO_MAP"
          ],
          "options": [
            "v_uv",
            "v_uv1"
          ]
        },
        {
          "name": "NORMAL_UV",
          "type": "string",
          "defines": [
            "USE_NORMAL_MAP"
          ],
          "options": [
            "v_uv",
            "v_uv1"
          ]
        },
        {
          "name": "USE_PBR_MAP",
          "type": "boolean",
          "defines": []
        },
        {
          "name": "PBR_UV",
          "type": "string",
          "defines": [
            "USE_PBR_MAP"
          ],
          "options": [
            "v_uv",
            "v_uv1"
          ]
        },
        {
          "name": "USE_METALLIC_ROUGHNESS_MAP",
          "type": "boolean",
          "defines": []
        },
        {
          "name": "METALLIC_ROUGHNESS_UV",
          "type": "string",
          "defines": [
            "USE_METALLIC_ROUGHNESS_MAP"
          ],
          "options": [
            "v_uv",
            "v_uv1"
          ]
        },
        {
          "name": "USE_OCCLUSION_MAP",
          "type": "boolean",
          "defines": []
        },
        {
          "name": "OCCLUSION_UV",
          "type": "string",
          "defines": [
            "USE_OCCLUSION_MAP"
          ],
          "options": [
            "v_uv",
            "v_uv1"
          ]
        },
        {
          "name": "USE_EMISSIVE_MAP",
          "type": "boolean",
          "defines": []
        },
        {
          "name": "EMISSIVE_UV",
          "type": "string",
          "defines": [
            "USE_EMISSIVE_MAP"
          ],
          "options": [
            "v_uv",
            "v_uv1"
          ]
        },
        {
          "name": "OCCLUSION_CHANNEL",
          "type": "string",
          "defines": [],
          "options": [
            "r",
            "g",
            "b"
          ]
        },
        {
          "name": "ROUGHNESS_CHANNEL",
          "type": "string",
          "defines": [],
          "options": [
            "g",
            "b",
            "r"
          ]
        },
        {
          "name": "METALLIC_CHANNEL",
          "type": "string",
          "defines": [],
          "options": [
            "b",
            "r",
            "g"
          ]
        },
        {
          "name": "USE_ALPHA_TEST",
          "type": "boolean",
          "defines": []
        },
        {
          "name": "ALPHA_TEST_CHANNEL",
          "type": "string",
          "defines": [
            "USE_ALPHA_TEST"
          ],
          "options": [
            "a",
            "r"
          ]
        }
      ],
      "blocks": [
        {
          "name": "Constants",
          "members": [
            {
              "name": "tilingOffset",
              "type": 16,
              "count": 1
            },
            {
              "name": "albedo",
              "type": 16,
              "count": 1
            },
            {
              "name": "albedoScaleAndCutoff",
              "type": 16,
              "count": 1
            },
            {
              "name": "pbrParams",
              "type": 16,
              "count": 1
            },
            {
              "name": "emissive",
              "type": 16,
              "count": 1
            },
            {
              "name": "emissiveScaleParam",
              "type": 16,
              "count": 1
            }
          ],
          "defines": [],
          "binding": 0
        }
      ],
      "samplers": [
        {
          "name": "albedoMap",
          "type": 28,
          "count": 1,
          "defines": [
            "USE_ALBEDO_MAP"
          ],
          "binding": 30
        },
        {
          "name": "normalMap",
          "type": 28,
          "count": 1,
          "defines": [
            "USE_NORMAL_MAP"
          ],
          "binding": 31
        },
        {
          "name": "pbrMap",
          "type": 28,
          "count": 1,
          "defines": [
            "USE_PBR_MAP"
          ],
          "binding": 32
        },
        {
          "name": "metallicRoughnessMap",
          "type": 28,
          "count": 1,
          "defines": [
            "USE_METALLIC_ROUGHNESS_MAP"
          ],
          "binding": 33
        },
        {
          "name": "occlusionMap",
          "type": 28,
          "count": 1,
          "defines": [
            "USE_OCCLUSION_MAP"
          ],
          "binding": 34
        },
        {
          "name": "emissiveMap",
          "type": 28,
          "count": 1,
          "defines": [
            "USE_EMISSIVE_MAP"
          ],
          "binding": 35
        }
      ],
      "attributes": [
        {
          "name": "a_matWorld0",
          "type": 16,
          "count": 1,
          "defines": [
            "USE_INSTANCING"
          ],
          "format": 43,
          "isInstanced": true,
          "location": 4
        },
        {
          "name": "a_matWorld1",
          "type": 16,
          "count": 1,
          "defines": [
            "USE_INSTANCING"
          ],
          "format": 43,
          "isInstanced": true,
          "location": 5
        },
        {
          "name": "a_matWorld2",
          "type": 16,
          "count": 1,
          "defines": [
            "USE_INSTANCING"
          ],
          "format": 43,
          "isInstanced": true,
          "location": 6
        },
        {
          "name": "a_dyn_batch_id",
          "type": 13,
          "count": 1,
          "defines": [
            "!USE_INSTANCING",
            "USE_BATCHING"
          ],
          "format": 11,
          "location": 3
        },
        {
          "name": "a_position",
          "type": 15,
          "count": 1,
          "defines": [],
          "format": 32,
          "location": 0
        },
        {
          "name": "a_normal",
          "type": 15,
          "count": 1,
          "defines": [],
          "format": 32,
          "location": 1
        },
        {
          "name": "a_tangent",
          "type": 16,
          "count": 1,
          "defines": [],
          "format": 43,
          "location": 2
        },
        {
          "name": "a_vertexId",
          "type": 13,
          "count": 1,
          "defines": [
            "CC_USE_MORPH"
          ],
          "format": 11,
          "location": 7
        },
        {
          "name": "a_weights",
          "type": 16,
          "count": 1,
          "defines": [
            "CC_USE_SKINNING"
          ],
          "format": 43,
          "location": 8
        },
        {
          "name": "a_joints",
          "type": 16,
          "count": 1,
          "defines": [
            "CC_USE_SKINNING"
          ],
          "format": 43,
          "location": 9
        },
        {
          "name": "a_jointAnimInfo",
          "type": 16,
          "count": 1,
          "defines": [
            "CC_USE_SKINNING",
            "CC_USE_BAKED_ANIMATION",
            "USE_INSTANCING"
          ],
          "format": 43,
          "isInstanced": true,
          "location": 10
        },
        {
          "name": "a_color",
          "type": 15,
          "count": 1,
          "defines": [
            "USE_VERTEX_COLOR"
          ],
          "format": 32,
          "location": 11
        },
        {
          "name": "a_texCoord",
          "type": 14,
          "count": 1,
          "defines": [],
          "format": 21,
          "location": 12
        },
        {
          "name": "a_texCoord1",
          "type": 14,
          "count": 1,
          "defines": [],
          "format": 21,
          "location": 13
        }
      ],
      "varyings": [
        {
          "name": "v_color",
          "type": 15,
          "count": 1,
          "defines": [
            "USE_VERTEX_COLOR"
          ],
          "location": 0
        },
        {
          "name": "v_position",
          "type": 15,
          "count": 1,
          "defines": [],
          "location": 1
        },
        {
          "name": "v_normal",
          "type": 15,
          "count": 1,
          "defines": [],
          "location": 2
        },
        {
          "name": "v_tangent",
          "type": 15,
          "count": 1,
          "defines": [
            "USE_NORMAL_MAP"
          ],
          "location": 3
        },
        {
          "name": "v_bitangent",
          "type": 15,
          "count": 1,
          "defines": [
            "USE_NORMAL_MAP"
          ],
          "location": 4
        },
        {
          "name": "v_uv",
          "type": 14,
          "count": 1,
          "defines": [],
          "location": 5
        },
        {
          "name": "v_uv1",
          "type": 14,
          "count": 1,
          "defines": [],
          "location": 6
        }
      ],
      "record": null,
      "name": "builtin-standard|standard-vs:vert|standard-fs:frag"
    }
  ],
  "combinations": []
}