[
  {
    "__type__": "cc.Prefab",
    "_name": "",
    "_objFlags": 0,
    "_native": "",
    "data": {
      "__id__": 1
    },
    "optimizationPolicy": 0,
    "asyncLoadAssets": false
  },
  {
    "__type__": "cc.Node",
    "_name": "road03",
    "_objFlags": 0,
    "_parent": null,
    "_children": [
      {
        "__id__": 2
      }
    ],
    "_active": true,
    "_components": [],
    "_prefab": {
      "__id__": 24
    },
    "_lpos": {
      "__type__": "cc.Vec3",
      "x": 0,
      "y": 0,
      "z": 0
    },
    "_lrot": {
      "__type__": "cc.Quat",
      "x": 0,
      "y": 0,
      "z": 0,
      "w": 1
    },
    "_lscale": {
      "__type__": "cc.Vec3",
      "x": 1,
      "y": 1,
      "z": 1
    },
    "_layer": 1073741824,
    "_euler": {
      "__type__": "cc.Vec3",
      "x": 0,
      "y": 0,
      "z": 0
    },
    "_id": ""
  },
  {
    "__type__": "cc.Node",
    "_name": "RootNode",
    "_objFlags": 0,
    "_parent": {
      "__id__": 1
    },
    "_children": [
      {
        "__id__": 3
      },
      {
        "__id__": 7
      },
      {
        "__id__": 11
      },
      {
        "__id__": 15
      },
      {
        "__id__": 19
      }
    ],
    "_active": true,
    "_components": [],
    "_prefab": {
      "__id__": 23
    },
    "_lpos": {
      "__type__": "cc.Vec3",
      "x": 0,
      "y": 0,
      "z": 0
    },
    "_lrot": {
      "__type__": "cc.Quat",
      "x": 0,
      "y": 0,
      "z": 0,
      "w": 1
    },
    "_lscale": {
      "__type__": "cc.Vec3",
      "x": 1,
      "y": 1,
      "z": 1
    },
    "_layer": 1073741824,
    "_euler": {
      "__type__": "cc.Vec3",
      "x": 0,
      "y": 0,
      "z": 0
    },
    "_id": ""
  },
  {
    "__type__": "cc.Node",
    "_name": "Box023",
    "_objFlags": 0,
    "_parent": {
      "__id__": 2
    },
    "_children": [],
    "_active": true,
    "_components": [
      {
        "__id__": 4
      }
    ],
    "_prefab": {
      "__id__": 6
    },
    "_lpos": {
      "__type__": "cc.Vec3",
      "x": 0,
      "y": 0,
      "z": 0
    },
    "_lrot": {
      "__type__": "cc.Quat",
      "x": -0.5000000447034801,
      "y": -0.4999999552965158,
      "z": -0.4999999552965158,
      "w": 0.5000000447034801
    },
    "_lscale": {
      "__type__": "cc.Vec3",
      "x": 2.53999996185303,
      "y": 2.53999996185303,
      "z": 2.53999996185303
    },
    "_layer": 1073741824,
    "_euler": {
      "__type__": "cc.Vec3",
      "x": -90,
      "y": -89.99998975471657,
      "z": 0
    },
    "_id": ""
  },
  {
    "__type__": "cc.ModelComponent",
    "_name": "",
    "_objFlags": 0,
    "node": {
      "__id__": 3
    },
    "_enabled": true,
    "_materials": [
      {
        "__uuid__": "11a42653-581d-4852-8d97-8437ce59da67@c372b"
      }
    ],
    "_visFlags": 0,
    "lightmapSettings": {
      "__id__": 5
    },
    "_mesh": {
      "__uuid__": "11a42653-581d-4852-8d97-8437ce59da67@40572"
    },
    "_shadowCastingMode": 0,
    "_enableMorph": true,
    "_id": ""
  },
  {
    "__type__": "cc.ModelLightmapSettings",
    "texture": null,
    "uvParam": {
      "__type__": "cc.Vec4",
      "x": 0,
      "y": 0,
      "z": 0,
      "w": 0
    },
    "_bakeable": false,
    "_castShadow": false,
    "_recieveShadow": false,
    "_lightmapSize": 64
  },
  {
    "__type__": "cc.PrefabInfo",
    "root": {
      "__id__": 1
    },
    "asset": {
      "__id__": 0
    },
    "fileId": "a9oM0Zh29HIawWQAW75Tcx",
    "sync": false,
    "_synced": {
      "default": false,
      "serializable": false
    }
  },
  {
    "__type__": "cc.Node",
    "_name": "Box042",
    "_objFlags": 0,
    "_parent": {
      "__id__": 2
    },
    "_children": [],
    "_active": true,
    "_components": [
      {
        "__id__": 8
      }
    ],
    "_prefab": {
      "__id__": 10
    },
    "_lpos": {
      "__type__": "cc.Vec3",
      "x": 6.77626342657311e-23,
      "y": 0,
      "z": 2
    },
    "_lrot": {
      "__type__": "cc.Quat",
      "x": -0.5000000447034801,
      "y": -0.4999999552965158,
      "z": -0.4999999552965158,
      "w": 0.5000000447034801
    },
    "_lscale": {
      "__type__": "cc.Vec3",
      "x": 2.53999996185303,
      "y": 2.53999996185303,
      "z": 2.53999996185303
    },
    "_layer": 1073741824,
    "_euler": {
      "__type__": "cc.Vec3",
      "x": -90,
      "y": -89.99998975471657,
      "z": 0
    },
    "_id": ""
  },
  {
    "__type__": "cc.ModelComponent",
    "_name": "",
    "_objFlags": 0,
    "node": {
      "__id__": 7
    },
    "_enabled": true,
    "_materials": [
      {
        "__uuid__": "11a42653-581d-4852-8d97-8437ce59da67@0bac0"
      }
    ],
    "_visFlags": 0,
    "lightmapSettings": {
      "__id__": 9
    },
    "_mesh": {
      "__uuid__": "11a42653-581d-4852-8d97-8437ce59da67@a8fa3"
    },
    "_shadowCastingMode": 0,
    "_enableMorph": true,
    "_id": ""
  },
  {
    "__type__": "cc.ModelLightmapSettings",
    "texture": null,
    "uvParam": {
      "__type__": "cc.Vec4",
      "x": 0,
      "y": 0,
      "z": 0,
      "w": 0
    },
    "_bakeable": false,
    "_castShadow": false,
    "_recieveShadow": false,
    "_lightmapSize": 64
  },
  {
    "__type__": "cc.PrefabInfo",
    "root": {
      "__id__": 1
    },
    "asset": {
      "__id__": 0
    },
    "fileId": "60XDhk+OlMQLfzytee4iWI",
    "sync": false,
    "_synced": {
      "default": false,
      "serializable": false
    }
  },
  {
    "__type__": "cc.Node",
    "_name": "Box043",
    "_objFlags": 0,
    "_parent": {
      "__id__": 2
    },
    "_children": [],
    "_active": true,
    "_components": [
      {
        "__id__": 12
      }
    ],
    "_prefab": {
      "__id__": 14
    },
    "_lpos": {
      "__type__": "cc.Vec3",
      "x": -2,
      "y": 0,
      "z": 9.26096828091777e-23
    },
    "_lrot": {
      "__type__": "cc.Quat",
      "x": -1.1520232076718429e-7,
      "y": 0.7071067811865381,
      "z": 0.7071067811865381,
      "w": 1.1520232076718429e-7
    },
    "_lscale": {
      "__type__": "cc.Vec3",
      "x": 2.53999996185303,
      "y": 2.53999996185303,
      "z": 2.53999996185303
    },
    "_layer": 1073741824,
    "_euler": {
      "__type__": "cc.Vec3",
      "x": -90,
      "y": 179.99998133066478,
      "z": 0
    },
    "_id": ""
  },
  {
    "__type__": "cc.ModelComponent",
    "_name": "",
    "_objFlags": 0,
    "node": {
      "__id__": 11
    },
    "_enabled": true,
    "_materials": [
      {
        "__uuid__": "11a42653-581d-4852-8d97-8437ce59da67@0bac0"
      }
    ],
    "_visFlags": 0,
    "lightmapSettings": {
      "__id__": 13
    },
    "_mesh": {
      "__uuid__": "11a42653-581d-4852-8d97-8437ce59da67@6eeec"
    },
    "_shadowCastingMode": 0,
    "_enableMorph": true,
    "_id": ""
  },
  {
    "__type__": "cc.ModelLightmapSettings",
    "texture": null,
    "uvParam": {
      "__type__": "cc.Vec4",
      "x": 0,
      "y": 0,
      "z": 0,
      "w": 0
    },
    "_bakeable": false,
    "_castShadow": false,
    "_recieveShadow": false,
    "_lightmapSize": 64
  },
  {
    "__type__": "cc.PrefabInfo",
    "root": {
      "__id__": 1
    },
    "asset": {
      "__id__": 0
    },
    "fileId": "9ex18zqqtGR5CwY3TA+neL",
    "sync": false,
    "_synced": {
      "default": false,
      "serializable": false
    }
  },
  {
    "__type__": "cc.Node",
    "_name": "Box047",
    "_objFlags": 0,
    "_parent": {
      "__id__": 2
    },
    "_children": [],
    "_active": true,
    "_components": [
      {
        "__id__": 16
      }
    ],
    "_prefab": {
      "__id__": 18
    },
    "_lpos": {
      "__type__": "cc.Vec3",
      "x": 2,
      "y": 0,
      "z": -9.26096828091777e-23
    },
    "_lrot": {
      "__type__": "cc.Quat",
      "x": -1.1520232076718429e-7,
      "y": 0.7071067811865381,
      "z": 0.7071067811865381,
      "w": 1.1520232076718429e-7
    },
    "_lscale": {
      "__type__": "cc.Vec3",
      "x": 2.53999996185303,
      "y": 2.53999996185303,
      "z": 2.53999996185303
    },
    "_layer": 1073741824,
    "_euler": {
      "__type__": "cc.Vec3",
      "x": -90,
      "y": 179.99998133066478,
      "z": 0
    },
    "_id": ""
  },
  {
    "__type__": "cc.ModelComponent",
    "_name": "",
    "_objFlags": 0,
    "node": {
      "__id__": 15
    },
    "_enabled": true,
    "_materials": [
      {
        "__uuid__": "11a42653-581d-4852-8d97-8437ce59da67@0bac0"
      }
    ],
    "_visFlags": 0,
    "lightmapSettings": {
      "__id__": 17
    },
    "_mesh": {
      "__uuid__": "11a42653-581d-4852-8d97-8437ce59da67@c75d3"
    },
    "_shadowCastingMode": 0,
    "_enableMorph": true,
    "_id": ""
  },
  {
    "__type__": "cc.ModelLightmapSettings",
    "texture": null,
    "uvParam": {
      "__type__": "cc.Vec4",
      "x": 0,
      "y": 0,
      "z": 0,
      "w": 0
    },
    "_bakeable": false,
    "_castShadow": false,
    "_recieveShadow": false,
    "_lightmapSize": 64
  },
  {
    "__type__": "cc.PrefabInfo",
    "root": {
      "__id__": 1
    },
    "asset": {
      "__id__": 0
    },
    "fileId": "7dfA38knFDe78+PO9nPx2O",
    "sync": false,
    "_synced": {
      "default": false,
      "serializable": false
    }
  },
  {
    "__type__": "cc.Node",
    "_name": "Box050",
    "_objFlags": 0,
    "_parent": {
      "__id__": 2
    },
    "_children": [],
    "_active": true,
    "_components": [
      {
        "__id__": 20
      }
    ],
    "_prefab": {
      "__id__": 22
    },
    "_lpos": {
      "__type__": "cc.Vec3",
      "x": -6.77626342657311e-23,
      "y": 0,
      "z": -2
    },
    "_lrot": {
      "__type__": "cc.Quat",
      "x": -0.5000000447034801,
      "y": -0.4999999552965158,
      "z": -0.4999999552965158,
      "w": 0.5000000447034801
    },
    "_lscale": {
      "__type__": "cc.Vec3",
      "x": 2.53999996185303,
      "y": 2.53999996185303,
      "z": 2.53999996185303
    },
    "_layer": 1073741824,
    "_euler": {
      "__type__": "cc.Vec3",
      "x": -90,
      "y": -89.99998975471657,
      "z": 0
    },
    "_id": ""
  },
  {
    "__type__": "cc.ModelComponent",
    "_name": "",
    "_objFlags": 0,
    "node": {
      "__id__": 19
    },
    "_enabled": true,
    "_materials": [
      {
        "__uuid__": "11a42653-581d-4852-8d97-8437ce59da67@0bac0"
      }
    ],
    "_visFlags": 0,
    "lightmapSettings": {
      "__id__": 21
    },
    "_mesh": {
      "__uuid__": "11a42653-581d-4852-8d97-8437ce59da67@207a8"
    },
    "_shadowCastingMode": 0,
    "_enableMorph": true,
    "_id": ""
  },
  {
    "__type__": "cc.ModelLightmapSettings",
    "texture": null,
    "uvParam": {
      "__type__": "cc.Vec4",
      "x": 0,
      "y": 0,
      "z": 0,
      "w": 0
    },
    "_bakeable": false,
    "_castShadow": false,
    "_recieveShadow": false,
    "_lightmapSize": 64
  },
  {
    "__type__": "cc.PrefabInfo",
    "root": {
      "__id__": 1
    },
    "asset": {
      "__id__": 0
    },
    "fileId": "a4sBq6sxZJ1olL5IeW3Ikx",
    "sync": false,
    "_synced": {
      "default": false,
      "serializable": false
    }
  },
  {
    "__type__": "cc.PrefabInfo",
    "root": {
      "__id__": 1
    },
    "asset": {
      "__id__": 0
    },
    "fileId": "560isX0nRBooSnRYp8FVfa",
    "sync": false,
    "_synced": {
      "default": false,
      "serializable": false
    }
  },
  {
    "__type__": "cc.PrefabInfo",
    "root": {
      "__id__": 1
    },
    "asset": {
      "__id__": 0
    },
    "fileId": "28U94WeABC5pE2En9EqkZp",
    "sync": false,
    "_synced": {
      "default": false,
      "serializable": false
    }
  }
]