[
  {
    "__type__": "cc.Prefab",
    "_name": "",
    "_objFlags": 0,
    "_native": "",
    "data": {
      "__id__": 1
    },
    "optimizationPolicy": 0,
    "asyncLoadAssets": false
  },
  {
    "__type__": "cc.Node",
    "_name": "car202",
    "_objFlags": 0,
    "_parent": null,
    "_children": [
      {
        "__id__": 2
      }
    ],
    "_active": true,
    "_components": [
      {
        "__id__": 8
      },
      {
        "__id__": 9
      },
      {
        "__id__": 10
      }
    ],
    "_prefab": {
      "__id__": 11
    },
    "_lpos": {
      "__type__": "cc.Vec3",
      "x": 0,
      "y": 0,
      "z": 0
    },
    "_lrot": {
      "__type__": "cc.Quat",
      "x": 0,
      "y": 0,
      "z": 0,
      "w": 1
    },
    "_lscale": {
      "__type__": "cc.Vec3",
      "x": 1,
      "y": 1,
      "z": 1
    },
    "_layer": 1073741824,
    "_euler": {
      "__type__": "cc.Vec3",
      "x": 0,
      "y": 0,
      "z": 0
    },
    "_id": ""
  },
  {
    "__type__": "cc.Node",
    "_name": "RootNode",
    "_objFlags": 0,
    "_parent": {
      "__id__": 1
    },
    "_children": [
      {
        "__id__": 3
      }
    ],
    "_active": true,
    "_components": [],
    "_prefab": {
      "__id__": 7
    },
    "_lpos": {
      "__type__": "cc.Vec3",
      "x": 0,
      "y": 0,
      "z": 0
    },
    "_lrot": {
      "__type__": "cc.Quat",
      "x": 0,
      "y": 0,
      "z": 0,
      "w": 1
    },
    "_lscale": {
      "__type__": "cc.Vec3",
      "x": 1,
      "y": 1,
      "z": 1
    },
    "_layer": 1073741824,
    "_euler": {
      "__type__": "cc.Vec3",
      "x": 0,
      "y": 0,
      "z": 0
    },
    "_id": ""
  },
  {
    "__type__": "cc.Node",
    "_name": "car_005_0",
    "_objFlags": 0,
    "_parent": {
      "__id__": 2
    },
    "_children": [],
    "_active": true,
    "_components": [
      {
        "__id__": 4
      }
    ],
    "_prefab": {
      "__id__": 6
    },
    "_lpos": {
      "__type__": "cc.Vec3",
      "x": 0,
      "y": 0,
      "z": 0
    },
    "_lrot": {
      "__type__": "cc.Quat",
      "x": -5.338508038181781e-8,
      "y": 0.7071067811865455,
      "z": 0.7071067811865455,
      "w": 5.338508038181781e-8
    },
    "_lscale": {
      "__type__": "cc.Vec3",
      "x": 74.0360412597656,
      "y": 74.0360412597656,
      "z": 74.0360412597656
    },
    "_layer": 1073741824,
    "_euler": {
      "__type__": "cc.Vec3",
      "x": -89.99999999999999,
      "y": 179.9999913485774,
      "z": 0
    },
    "_id": ""
  },
  {
    "__type__": "cc.ModelComponent",
    "_name": "",
    "_objFlags": 0,
    "node": {
      "__id__": 3
    },
    "_enabled": true,
    "_materials": [
      {
        "__uuid__": "a8a38de3-b858-4eb9-9b74-4befb04fb8c8@1fbcb"
      }
    ],
    "_visFlags": 0,
    "lightmapSettings": {
      "__id__": 5
    },
    "_mesh": {
      "__uuid__": "a8a38de3-b858-4eb9-9b74-4befb04fb8c8@5d0b5"
    },
    "_shadowCastingMode": 0,
    "_enableMorph": true,
    "_id": ""
  },
  {
    "__type__": "cc.ModelLightmapSettings",
    "texture": null,
    "uvParam": {
      "__type__": "cc.Vec4",
      "x": 0,
      "y": 0,
      "z": 0,
      "w": 0
    },
    "_bakeable": false,
    "_castShadow": false,
    "_recieveShadow": false,
    "_lightmapSize": 64
  },
  {
    "__type__": "cc.PrefabInfo",
    "root": {
      "__id__": 1
    },
    "asset": {
      "__id__": 0
    },
    "fileId": "6eFLi5h61Hs5iLfonHHPU0",
    "sync": false,
    "_synced": {
      "default": false,
      "serializable": false
    }
  },
  {
    "__type__": "cc.PrefabInfo",
    "root": {
      "__id__": 1
    },
    "asset": {
      "__id__": 0
    },
    "fileId": "17EzMzOsFC2aMJyd1oT7Od",
    "sync": false,
    "_synced": {
      "default": false,
      "serializable": false
    }
  },
  {
    "__type__": "dbda5xhk2ZKT6Ua3OTVnd9L",
    "_name": "",
    "_objFlags": 0,
    "node": {
      "__id__": 1
    },
    "_enabled": true,
    "maxSpeed": 0.2,
    "_id": ""
  },
  {
    "__type__": "cc.BoxColliderComponent",
    "_name": "",
    "_objFlags": 0,
    "node": {
      "__id__": 1
    },
    "_enabled": true,
    "_material": null,
    "_isTrigger": false,
    "_center": {
      "__type__": "cc.Vec3",
      "x": 0,
      "y": 0.4,
      "z": 0
    },
    "_size": {
      "__type__": "cc.Vec3",
      "x": 0.7,
      "y": 0.8,
      "z": 1.3
    },
    "_id": ""
  },
  {
    "__type__": "cc.RigidBodyComponent",
    "_name": "",
    "_objFlags": 0,
    "node": {
      "__id__": 1
    },
    "_enabled": true,
    "_mass": 10,
    "_linearDamping": 0,
    "_angularDamping": 0,
    "_fixedRotation": false,
    "_isKinematic": false,
    "_useGravity": false,
    "_linearFactor": {
      "__type__": "cc.Vec3",
      "x": 1,
      "y": 1,
      "z": 1
    },
    "_angularFactor": {
      "__type__": "cc.Vec3",
      "x": 1,
      "y": 1,
      "z": 1
    },
    "_id": ""
  },
  {
    "__type__": "cc.PrefabInfo",
    "root": {
      "__id__": 1
    },
    "asset": {
      "__id__": 0
    },
    "fileId": "ebxDxJdiVIvpwf1m3g4FNB",
    "sync": false,
    "_synced": {
      "default": false,
      "serializable": false
    }
  }
]